Activity ID,Activity Date,Activity Name,Activity Type,Activity Description,Elapsed Time,Distance,Relative Effort,Commute,Activity Gear,Filename,Athlete Weight,Bike Weight,Elapsed Time,Moving Time,Distance,Max Speed,Average Speed,Elevation Gain,Elevation Loss,Elevation Low,Elevation High,Max Grade,Average Grade,Average Positive Grade,Average Negative Grade,Max Cadence,Average Cadence,Max Heart Rate,Average Heart Rate,Max Watts,Average Watts,Calories,Max Temperature,Average Temperature,Relative Effort,Total Work,Number of Runs,Uphill Time,Downhill Time,Other Time,Perceived Exertion,translation missing: en-GB.lib.export.portability_exporter.activities.horton_values.type,translation missing: en-GB.lib.export.portability_exporter.activities.horton_values.start_time,Weighted Average Power,Power Count,Prefer Perceived Exertion,Perceived Relative Effort,Commute,Total Weight Lifted,From Upload,Grade Adjusted Distance,Weather Observation Time,Weather Condition,Weather Temperature,Apparent Temperature,Dewpoint,Humidity,Weather Pressure,Wind Speed,Wind Gust,Wind Bearing,Precipitation Intensity,Sunrise Time,Sunset Time,Moon Phase,Bike,Gear,Precipitation Probability,Precipitation Type,Cloud Cover,Weather Visibility,UV Index,Weather Ozone,translation missing: en-GB.lib.export.portability_exporter.activities.horton_values.jump_count,translation missing: en-GB.lib.export.portability_exporter.activities.horton_values.total_grit,translation missing: en-GB.lib.export.portability_exporter.activities.horton_values.avg_flow,translation missing: en-GB.lib.export.portability_exporter.activities.horton_values.flagged
172075243,"28 Jul 2014, 13:49:45",TP1 ,Run,"",2844,9.74,,,,activities/172075243.gpx,70.0,,2844.0,2746.0,9746.400390625,9.899999618530273,,78.82689666748047,78.72689819335938,56.5,101.30000305175781,9.600000381469727,0.0010260200360789895,,,,,,,,,844.3710327148438,,,,,,,,,,,,,,,,0.0,,,9817.400390625,,,,,,,,,,,,,,,,,,,,,,,,,,
173423053,"31 Jul 2014, 09:48:11",Slow Circuits,Run,"",4486,3.69,,,,activities/173423053.gpx,70.0,,4486.0,1241.0,3690.300048828125,7.5,,14.17770004272461,13.777700424194336,55.900001525878906,71.4000015258789,5.400000095367432,0.010839199647307396,,,,,,,,,319.2344055175781,,,,,,,,,,,,,,,,0.0,,,3711.699951171875,,,,,,,,,,,,,,,,,,,,,,,,,,
177319604,"8 Aug 2014, 15:45:19",Afternoon Run,Run,,1604,2.83,,false,,activities/177319604.gpx,70.0,,1604.0,716.0,2833.60009765625,8.5,,0.0,3.4000000953674316,54.70000076293945,64.5999984741211,49.0,-0.11998900026082993,,,,,,,,,245.59469604492188,,,,,,,,,,,,,,,,0.0,,,2855.5,,,,,,,,,,,,,,,,,,,,,,,,,,
179145715,"12 Aug 2014, 12:33:44",Inverforth Intervals,Run,"",2023,4.45,,,,activities/179145715.gpx,70.0,,2023.0,1308.0,4458.60009765625,7.800000190734863,,14.130499839782715,14.130499839782715,55.900001525878906,70.9000015258789,4.199999809265137,0.0,,,,,,,,,384.6087951660156,,,,,,,,,,,,,,,,0.0,,,4471.7998046875,,,,,,,,,,,,,,,,,,,,,,,,,,
201338794,"30 Sep 2014, 07:41:54",Morning Run,Run,,1746,4.82,,false,,activities/201338794.gpx,70.0,,1746.0,1695.0,4828.7001953125,8.300000190734863,,35.377601623535156,,60.0,97.0999984741211,8.699999809265137,-0.010354800149798393,,,,,,,,,,,,,,,,,,,,,,,,,0.0,,,,,,,,,,,,,,,,,,,,,,,,,,,,,
202196861,"2 Oct 2014, 07:33:03",Morning Run,Run,,1549,4.95,,false,,activities/202196861.gpx,70.0,,1549.0,1533.0,4957.39990234375,9.800000190734863,,44.11880111694336,,60.0,97.9000015258789,9.300000190734863,0.0161374993622303,,,,,,,,,,,,,,,,,,,,,,,,,0.0,,,,,,,,,,,,,,,,,,,,,,,,,,,,,
202617567,"3 Oct 2014, 07:35:16",Run with kestrel,Run,,1534,4.59,,false,,activities/202617567.gpx,70.0,,1534.0,1450.0,4590.39990234375,8.600000381469727,,35.471500396728516,,59.599998474121094,97.0,8.0,-0.10020899772644043,,,,,,,,,,,,,,,,,,,,,,,,,0.0,,,,,,,,,,,,,,,,,,,,,,,,,,,,,
204736426,"8 Oct 2014, 07:57:46",Punishing Frank,Run,"",1337,4.86,,false,,activities/204736426.gpx,70.0,,1337.0,1321.0,4860.7001953125,6.0,,35.453800201416016,,60.0,97.4000015258789,9.5,-0.020573200657963753,,,,,,,,,,,,,,,,,,,,,,,,,0.0,,,,,,,,,,,,,,,,,,,,,,,,,,,,,
205126474,"9 Oct 2014, 07:33:16",Morning Run,Run,,1519,4.84,,false,,activities/205126474.gpx,70.0,,1519.0,1452.0,4845.39990234375,5.900000095367432,,35.935699462890625,,60.0,97.19999694824219,9.399999618530273,-0.018574299290776253,,,,,,,,,,,,,,,,,,,,,,,,,0.0,,,,,,,,,,,,,,,,,,,,,,,,,,,,,
207903911,"16 Oct 2014, 07:34:19",Kestrel and Frankenstein,Run,,1466,4.84,,false,,activities/207903911.gpx,70.0,,1466.0,1464.0,4847.2998046875,6.400000095367432,,32.73080062866211,,60.0,97.19999694824219,9.199999809265137,-0.0020630001090466976,,,,,,,,,,,,,,,,,,,,,,,,,0.0,,,,,,,,,,,,,,,,,,,,,,,,,,,,,
209913195,"21 Oct 2014, 07:33:21",Fast feet,Run,,1283,4.83,,false,,activities/209913195.gpx,70.0,,1283.0,1243.0,4838.7001953125,7.199999809265137,,34.76150131225586,,60.0,97.4000015258789,9.600000381469727,-0.012400000356137753,,,,,,,,,,,,,,,,,,,,,,,,,0.0,,,,,,,,,,,,,,,,,,,,,,,,,,,,,
210281053,"22 Oct 2014, 07:18:18",Bridge and back,Run,,2267,5.75,,false,,activities/210281053.gpx,70.0,,2267.0,2126.0,5753.7998046875,5.5,,80.69519805908203,,59.5,96.5999984741211,23.600000381469727,-0.013903900049626827,,,,,,,,,,,,,,,,,,,,,,,,,0.0,,,,,,,,,,,,,,,,,,,,,,,,,,,,,
210980778,"24 Oct 2014, 07:33:57",Morning Run,Run,,1331,4.83,,false,,activities/210980778.gpx,70.0,,1331.0,1265.0,4832.39990234375,6.800000190734863,,35.97140121459961,,60.0,97.30000305175781,9.5,-0.022763000801205635,,,,,,,,,,,,,,,,,,,,,,,,,0.0,,,,,,,,,,,,,,,,,,,,,,,,,,,,,
213408329,"28 Oct 2014, 08:36:39",Morning Run,Run,,1844,6.02,,false,,activities/213408329.gpx,70.0,,1844.0,1844.0,6027.89990234375,8.699999809265137,,79.9845962524414,,59.20000076293945,96.5999984741211,23.399999618530273,0.001658950001001358,,,,,,,,,,,,,,,,,,,,,,,,,0.0,,,,,,,,,,,,,,,,,,,,,,,,,,,,,
213412635,"30 Oct 2014, 08:17:14",Ill stick insect,Run,,899,2.79,,false,,activities/213412635.gpx,70.0,,899.0,861.0,2790.699951171875,5.699999809265137,,33.14149856567383,,60.0,94.30000305175781,9.0,0.5052499771118164,,,,,,,,,,,,,,,,,,,,,,,,,0.0,,,,,,,,,,,,,,,,,,,,,,,,,,,,,
213782738,"31 Oct 2014, 08:20:17",Another ill stick insect ,Run,,282,0.92,,false,,activities/213782738.gpx,70.0,,282.0,275.0,927.7999877929688,5.599999904632568,,17.871999740600586,,60.0,78.5,7.699999809265137,1.3688299655914307,,,,,,,,,,,,,,,,,,,,,,,,,0.0,,,,,,,,,,,,,,,,,,,,,,,,,,,,,
219420733,"13 Nov 2014, 16:30:00",Wattbike ,Ride,,1992,20.00,,false,,,70.0,,1992.0,1992.0,20000.0,,,,,,,,0.0,,,,,,,,,,,,,,,,,,,,,,,,,0.0,,,,,,,,,,,,,,,,,,,,,,,,,,,,,
219837354,"16 Nov 2014, 08:30:00",Trent Park Run,Run,"",3000,9.70,,,,,70.0,,3000.0,3000.0,9700.0,,,,,,,,0.0,,,,,,,,,,,,,,,,,,,,,,,,,0.0,,,,,,,,,,,,,,,,,,,,,,,,,,,,,
221513240,"16 Nov 2014, 09:54:40",Morning Run,Run,,1067,3.40,,false,,activities/221513240.gpx,70.0,,1067.0,1067.0,3402.39990234375,4.699999809265137,,45.09550094604492,36.295501708984375,56.599998474121094,90.0,9.199999809265137,0.25864100456237793,,,,,,,,,298.6528015136719,,,,,,,,,,,,,,,,0.0,,,3472.39990234375,,,,,,,,,,,,,,,,,,,,,,,,,,
221517784,"21 Nov 2014, 08:29:05",Morning Run,Run,,1379,4.82,,false,,activities/221517784.gpx,70.0,,1379.0,1371.0,4828.89990234375,5.599999904632568,,35.464298248291016,,60.0,97.0999984741211,9.399999618530273,-0.035204701125621796,,,,,,,,,,,,,,,,,,,,,,,,,0.0,,,,,,,,,,,,,,,,,,,,,,,,,,,,,
222987708,"25 Nov 2014, 08:16:30",Morning Run,Run,,2078,6.08,,false,,activities/222987708.gpx,70.0,,2078.0,2072.0,6082.60009765625,7.300000190734863,,85.24120330810547,,59.0,96.5,23.100000381469727,-0.0049320999532938,,,,,,,,,,,,,,,,,,,,,,,,,0.0,,,,,,,,,,,,,,,,,,,,,,,,,,,,,
223459747,"26 Nov 2014, 22:00:00",3x10 lengths,Swim,"",1200,750,,false,,,,,1200.0,1200.0,750.0,,,,,,,,0.0,,,,,,,,,,,,,,,,,,,,,,,,,0.0,,,,,,,,,,,,,,,,,,,,,,,,,,,,,
223652365,"27 Nov 2014, 08:16:34",Morning Run ft Fog,Run,,1797,6.00,,false,,activities/223652365.gpx,70.0,,1797.0,1791.0,6008.7998046875,9.399999618530273,,85.10820007324219,,59.5,96.80000305175781,22.100000381469727,-0.01997070014476776,,,,,,,,,,,,,,,,,,,,,,,,,0.0,,,,,,,,,,,,,,,,,,,,,,,,,,,,,
224306261,"29 Nov 2014, 06:30:00",4x10,Swim,"",1200,"1,000",,false,,,,,1200.0,1200.0,1000.0,,,,,,,,0.0,,,,,,,,,,,,,,,,,,,,,,,,,0.0,,,,,,,,,,,,,,,,,,,,,,,,,,,,,
224964950,"30 Nov 2014, 18:00:00",40' wattbike,Ride,"",2400,21.40,,false,,,70.0,,2400.0,2400.0,21400.0,,,,,,,,0.0,,,,,,,,,,,,,,,,,,,,,,,,,0.0,,,,,,,,,,,,,,,,,,,,,,,,,,,,,
225101802,"1 Dec 2014, 08:09:18",10kish,Run,,3065,9.18,,false,,activities/225101802.gpx,70.0,,3065.0,3045.0,9185.599609375,5.699999809265137,,188.16000366210938,,26.200000762939453,97.0,37.0,-0.011975299566984177,,,,,,,,,,,,,,,,,,,,,,,,,0.0,,,,,,,,,,,,,,,,,,,,,,,,,,,,,
227202268,"7 Dec 2014, 14:56:36",Afternoon Run,Run,"",2099,7.66,,false,,activities/227202268.gpx,70.0,,2099.0,2099.0,7666.2998046875,6.0,,78.94049835205078,65.2405014038086,56.29999923706055,101.19999694824219,9.899999618530273,0.17870399355888367,,,,,,,,,669.67236328125,,,,,,,,,,,,,,,,0.0,,,7786.2001953125,,,,,,,,,,,,,,,,,,,,,,,,,,
228914714,"13 Dec 2014, 18:10:00",6x100m,Swim,"",1200,600,,false,,,,,1200.0,1200.0,600.0,,,,,,,,0.0,,,,,,,,,,,,,,,,,,,,,,,,,0.0,,,,,,,,,,,,,,,,,,,,,,,,,,,,,
228914864,"11 Dec 2014, 18:10:00",Mixed strokes,Swim,"",1200,0,,false,,,,,1200.0,1200.0,0.0,,,,,,,,0.0,,,,,,,,,,,,,,,,,,,,,,,,,0.0,,,,,,,,,,,,,,,,,,,,,,,,,,,,,
231398222,"21 Dec 2014, 10:47:40",Morning Run,Run,,2,0.00,,false,,activities/231398222.gpx,70.0,,2.0,2.0,3.299999952316284,1.7000000476837158,,0.0,0.10000000149011612,70.9000015258789,71.0,0.0,-3.0302999019622803,,,,,,,,,0.2838250696659088,,,,,,,,,,,,,,,,0.0,,,3.299999952316284,,,,,,,,,,,,,,,,,,,,,,,,,,
236450006,"4 Jan 2015, 09:17:30",Regent's Park 10k,Run,,1229,4.62,,false,,activities/236450006.gpx,70.0,,1229.0,1229.0,4622.2001953125,6.0,,13.140999794006348,,30.799999237060547,44.099998474121094,6.800000190734863,0.03461559861898422,,,,,,,,,,,,,,,,,,,,,,,,,0.0,,,,,,,,,,,,,,,,,,,,,,,,,,,,,
583564361,"21 May 2016, 19:00:20",Hampstead Heath,Run,,5185,17.84,,false,,activities/583564361.gpx,70.0,,5185.0,4975.0,17845.30078125,6.099999904632568,,199.16900634765625,199.16900634765625,30.799999237060547,124.19999694824219,8.800000190734863,0.0,,,,,,,,,1550.7083740234375,,,,,,,,,,,,,,,,0.0,,,18029.900390625,,,,,,,,,,,,,,,,,,,,,,,,,,
586593626,"24 May 2016, 17:03:25",Ballinger,Run,,781,2.96,,false,,activities/586593626.gpx,70.0,,781.0,770.0,2962.300048828125,10.699999809265137,,11.079999923706055,,9.0,23.0,6.900000095367432,-0.11140000075101852,,,,,,,,,,,,,,,,,,,,,,,,,0.0,,,,,,,,,,,,,,,,,,,,,,,,,,,,,
596553726,"2 Jun 2016, 17:59:51",Evening Run,Run,,1650,4.43,,false,,activities/596553726.gpx,70.0,,1650.0,1288.0,4433.7998046875,6.800000190734863,,69.7073974609375,69.6073989868164,36.099998474121094,73.4000015258789,8.800000190734863,0.0022553999442607164,,,,,,,,,388.90057373046875,,,,,,,,,,,,,,,,0.0,,,4521.7001953125,,,,,,,,,,,,,,,,,,,,,,,,,,
616355143,"21 Jun 2016, 17:39:44",Witness the Fitness,Run,,2063,7.48,,false,,activities/616355143.gpx,70.0,,2063.0,2016.0,7488.89990234375,8.600000381469727,,13.498800277709961,,9.0,72.0,10.5,-0.6102359890937805,,,,,,,,,,,,,,,,,,,,,,,,,0.0,,,,,,,,,,,,,,,,,,,,,,,,,,,,,
620629840,"25 Jun 2016, 14:00:30",Afternoon Run,Run,,17058,17.04,,false,,activities/620629840.gpx,70.0,,17058.0,6240.0,17044.400390625,4.599999904632568,,214.20799255371094,214.70799255371094,30.899999618530273,138.89999389648438,9.199999809265137,-0.0029335101135075092,,,,,,,,,1502.630126953125,,,,,,,,,,,,,,,,0.0,,,17470.900390625,,,,,,,,,,,,,,,,,,,,,,,,,,
623638248,"28 Jun 2016, 16:28:31",Afternoon Run,Run,,1715,6.38,,false,,activities/623638248.gpx,70.0,,1715.0,1639.0,6388.0,8.300000190734863,,11.493499755859375,,9.0,72.0,11.699999809265137,-0.6966189742088318,,,,,,,,,,,,,,,,,,,,,,,,,0.0,,,,,,,,,,,,,,,,,,,,,,,,,,,,,
632148359,"6 Jul 2016, 16:16:13",Afternoon Run,Run,,2445,6.14,,false,,activities/632148359.gpx,70.0,,2445.0,2053.0,6147.39990234375,4.599999904632568,,11.684599876403809,,9.0,72.0,11.5,-0.7287629842758179,,,,,,,,,,,,,,,,,,,,,,,,,0.0,,,,,,,,,,,,,,,,,,,,,,,,,,,,,
658121807,"30 Jul 2016, 08:07:30",Park run,Run,,1222,4.93,,false,,activities/658121807.gpx,70.0,,1222.0,1214.0,4934.2998046875,6.900000095367432,,54.831199645996094,,45.20000076293945,64.0999984741211,7.800000190734863,0.054719001054763794,,,,,,,,,430.60565185546875,,,,,,,,,,,,,,,,0.0,,,5006.60009765625,,,,,,,,,,,,,,,,,,,,,,,,,,
693996699,"30 Aug 2016, 05:58:56",Morning Ride,Ride,,2669,15.43,,false,,activities/693996699.gpx,70.0,,2669.0,2539.0,15430.7998046875,11.899999618530273,,58.38059997558594,94.68060302734375,17.0,65.19999694824219,15.800000190734863,-0.2352440059185028,,,,,,,,101.35800170898438,286.9429626464844,,,,,,,,,,,,,,,,0.0,,,,,,,,,,,,,,,,,,,,,,,,,,,,,
702200305,"6 Sep 2016, 06:42:46",Morning Ride,Ride,,2263,13.77,,false,,activities/702200305.gpx,70.0,,2263.0,2196.0,13778.0,13.199999809265137,,54.63690185546875,93.93689727783203,18.0,71.4000015258789,8.300000190734863,-0.28523701429367065,,,,,,,,105.53900146484375,258.4164733886719,,,,,,,,,,,,,,,,0.0,,,,,,,,,,,,,,,,,,,,,,,,,,,,,
718163888,"19 Sep 2016, 20:35:55",Night Run,Run,,2206,6.46,,false,,activities/718163888.gpx,70.0,,2206.0,1947.0,6460.60009765625,5.5,,70.12909698486328,58.929100036621094,37.29999923706055,72.0,7.400000095367432,0.1733590066432953,,,,,,,,,564.7431030273438,,,,,,,,,,,,,,,,0.0,,,6566.2001953125,,,,,,,,,,,,,,,,,,,,,,,,,,
746505394,"16 Oct 2016, 11:21:38",Amsterdam Half Marathon 2016,Run,"",6114,21.38,,false,,activities/746505394.gpx,70.0,,6114.0,6066.0,21380.30078125,8.600000381469727,,15.63129997253418,,-3.200000047683716,12.800000190734863,7.199999809265137,-0.009354409761726856,,,,,,,,,1842.6956787109375,,,,,,,,,,,,,,,,0.0,,,,,,,,,,,,,,,,,,,,,,,,,,,,,
763400010,"2 Nov 2016, 07:03:10",Morning Ride,Ride,,3112,16.13,,false,,activities/763400010.gpx,70.0,,3112.0,2884.0,16134.0,10.800000190734863,,66.60079956054688,120.50080108642578,16.899999618530273,71.4000015258789,14.199999809265137,-0.33407700061798096,,,,,,,,87.70780181884766,282.0384521484375,,,,,,,,,,,,,,,,0.0,,,,,,,,,,,,,,,,,,,,,,,,,,,,,
788598485,"8 Nov 2016, 17:50:48",Afternoon Ride,Ride,,871,3.62,,false,,activities/788598485.gpx,70.0,,871.0,724.0,3625.89990234375,10.899999618530273,,17.450000762939453,,24.700000762939453,42.29999923706055,7.5,0.2868250012397766,,,,,,,,99.24220275878906,,,,,,,,,,,,,,,,,0.0,,,,,,,,,,,,,,,,,,,,,,,,,,,,,
788623368,"29 Nov 2016, 07:34:47",Morning Ride,Ride,,2741,15.01,,false,,activities/788623368.gpx,70.0,,2741.0,2577.0,15016.2001953125,13.800000190734863,,60.362701416015625,95.36270141601562,22.100000381469727,71.5,8.800000190734863,-0.23308199644088745,,,,,,,,93.20590209960938,267.8136291503906,,,,,,,,,,,,,,,,0.0,,,,,,,,,,,,,,,,,,,,,,,,,,,,,
801976530,"14 Dec 2016, 08:08:03",Morning Ride,Ride,,1849,10.06,,false,,activities/801976530.gpx,70.0,,1849.0,1696.0,10065.400390625,14.0,,42.65169906616211,,3.0,39.5,17.5,-0.02881160005927086,,,,,,,,113.1259994506836,,,,,,,,,,,,,,,,,0.0,,,,,,,,,,,,,,,,,,,,,,,,,,,,,
808533436,"22 Dec 2016, 11:10:24",New route p1,Ride,,364,1.31,,false,,activities/808533436.gpx,70.0,,364.0,246.0,1318.4000244140625,12.0,,0.0,,17.299999237060547,40.20000076293945,0.4000000059604645,-1.7369500398635864,,,,,,,,82.66349792480469,,,,,,,,,,,,,,,,,0.0,,,,,,,,,,,,,,,,,,,,,,,,,,,,,
808552864,"22 Dec 2016, 11:25:18",Posh Jolly,Ride,,1355,6.35,,false,,activities/808552864.gpx,70.0,,1355.0,1306.0,6349.2998046875,9.399999618530273,,12.08329963684082,,2.799999952316284,25.600000381469727,24.700000762939453,-0.16694800555706024,,,,,,,,83.97329711914062,,,,,,,,,,,,,,,,,0.0,,,,,,,,,,,,,,,,,,,,,,,,,,,,,
808754410,"22 Dec 2016, 16:18:50",Commute home,Ride,,1345,8.49,,false,,activities/808754410.gpx,70.0,,1345.0,1291.0,8490.2001953125,11.800000190734863,,34.65380096435547,,2.0,36.900001525878906,17.0,0.30270200967788696,,,,,,,,133.91200256347656,,,,,,,,,,,,,,,,,0.0,,,,,,,,,,,,,,,,,,,,,,,,,,,,,
821725181,"29 Dec 2016, 15:12:23",Afternoon Run,Run,,580586,9.89,,false,,activities/821725181.gpx,70.0,,580586.0,3753.0,9890.7998046875,5.599999904632568,,11.283499717712402,,1.0,31.0,15.699999809265137,-0.22546200454235077,,,,,,,,,,,,,,,,,,,,,,,,,0.0,,,,,,,,,,,,,,,,,,,,,,,,,,,,,
821744646,"5 Jan 2017, 08:24:37",Commute to work,Ride,,1924,5.82,,false,,activities/821744646.gpx,70.0,,1924.0,1167.0,5823.89990234375,10.399999618530273,,29.559999465942383,,3.0,38.400001525878906,32.29999923706055,-0.09615550190210342,,,,,,,,104.68499755859375,,,,,,,,,,,,,,,,,0.0,,,,,,,,,,,,,,,,,,,,,,,,,,,,,
822356756,"5 Jan 2017, 20:05:22",Evening Ride,Ride,,1704,9.28,,false,,activities/822356756.gpx,70.0,,1704.0,1596.0,9288.2001953125,10.800000190734863,,35.79169845581055,,2.0,40.0,19.200000762939453,0.33590999245643616,,,,,,,,117.59400177001953,,,,,,,,,,,,,,,,,0.0,,,,,,,,,,,,,,,,,,,,,,,,,,,,,
822441157,"5 Jan 2017, 21:36:56",Night Run,Run,,1201,3.49,,false,,activities/822441157.gpx,70.0,,1201.0,1164.0,3490.39990234375,4.5,,16.3356990814209,,20.899999618530273,40.0,19.200000762939453,0.3151499927043915,,,,,,,,,,,,,,,,,,,,,,,,,0.0,,,,,,,,,,,,,,,,,,,,,,,,,,,,,
824237941,"7 Jan 2017, 16:18:17",Afternoon Run,Run,,1367,3.54,,false,,activities/824237941.gpx,70.0,,1367.0,1077.0,3540.60009765625,6.599999904632568,,34.72460174560547,,22.5,49.0,27.0,-0.11297500133514404,,,,,,,,,,,,,,,,,,,,,,,,,0.0,,,,,,,,,,,,,,,,,,,,,,,,,,,,,
826116477,"9 Jan 2017, 08:35:47",Morning Ride,Ride,,2383,8.55,,false,,activities/826116477.gpx,70.0,,2383.0,1952.0,8557.7998046875,10.800000190734863,,29.603300094604492,,3.200000047683716,42.400001525878906,33.5,-0.11217799782752991,,,,,,,,79.06929779052734,,,,,,,,,,,,,,,,,0.0,,,,,,,,,,,,,,,,,,,,,,,,,,,,,
826516146,"9 Jan 2017, 17:35:58",Afternoon Ride,Ride,,2537,10.67,,false,,activities/826516146.gpx,70.0,,2537.0,2337.0,10677.7001953125,11.300000190734863,,48.53519821166992,,2.0,40.0,18.899999618530273,0.1226859986782074,,,,,,,,90.41709899902344,,,,,,,,,,,,,,,,,0.0,,,,,,,,,,,,,,,,,,,,,,,,,,,,,
827113193,"10 Jan 2017, 08:20:52",Morning Ride,Ride,,1884,8.96,,false,,activities/827113193.gpx,70.0,,1884.0,1619.0,8968.099609375,15.199999809265137,,29.29290008544922,,3.0999999046325684,38.400001525878906,29.100000381469727,-0.0758242979645729,,,,,,,,110.43000030517578,,,,,,,,,,,,,,,,,0.0,,,,,,,,,,,,,,,,,,,,,,,,,,,,,
827777145,"10 Jan 2017, 20:23:20",Evening Ride,Ride,,1563,7.94,,false,,activities/827777145.gpx,70.0,,1563.0,1427.0,7948.7998046875,13.699999809265137,,41.97710037231445,,4.900000095367432,36.0,16.600000381469727,0.3761569857597351,,,,,,,,112.40799713134766,,,,,,,,,,,,,,,,,0.0,,,,,,,,,,,,,,,,,,,,,,,,,,,,,
828223942,"11 Jan 2017, 08:12:41",Morning Ride,Ride,,1901,8.76,,false,,activities/828223942.gpx,70.0,,1901.0,1625.0,8759.099609375,12.600000381469727,,29.471399307250977,,3.299999952316284,36.79999923706055,31.5,-0.04452510178089142,,,,,,,,104.84300231933594,,,,,,,,,,,,,,,,,0.0,,,,,,,,,,,,,,,,,,,,,,,,,,,,,
828864879,"11 Jan 2017, 20:16:13",Evening Ride,Ride,,1239,7.73,,false,,activities/828864879.gpx,70.0,,1239.0,1229.0,7735.60009765625,11.300000190734863,,41.81999969482422,,4.699999809265137,36.0,16.899999618530273,0.403329998254776,,,,,,,,125.7770004272461,,,,,,,,,,,,,,,,,0.0,,,,,,,,,,,,,,,,,,,,,,,,,,,,,
834692726,"17 Jan 2017, 08:12:29",Morning Ride,Ride,,1859,8.57,,false,,activities/834692726.gpx,70.0,,1859.0,1585.0,8574.099609375,15.199999809265137,,44.30889892578125,,2.0,38.5,31.700000762939453,-0.0676456019282341,,,,,,,,88.6167984008789,,,,,,,,,,,,,,,,,0.0,,,,,,,,,,,,,,,,,,,,,,,,,,,,,
835379423,"17 Jan 2017, 20:38:12",Evening Ride,Ride,,1259,7.98,,false,,activities/835379423.gpx,70.0,,1259.0,1254.0,7983.0,13.100000381469727,,32.08570098876953,,4.900000095367432,37.599998474121094,14.100000381469727,0.3444820046424866,,,,,,,,132.61500549316406,,,,,,,,,,,,,,,,,0.0,,,,,,,,,,,,,,,,,,,,,,,,,,,,,
836909473,"19 Jan 2017, 08:27:41",Morning Ride,Ride,,1918,8.70,,false,,activities/836909473.gpx,70.0,,1918.0,1674.0,8702.400390625,12.300000190734863,,45.91889953613281,,2.0,38.20000076293945,30.799999237060547,-0.0367714986205101,,,,,,,,89.23609924316406,,,,,,,,,,,,,,,,,0.0,,,,,,,,,,,,,,,,,,,,,,,,,,,,,
837502618,"20 Jan 2017, 00:20:00",Evening Ride,Ride,"",1320,8.70,,true,,,70.0,,1320.0,1320.0,8700.0,,,,,,,,0.0,,,,,,,,,,,,,,,,,,,,,,,,,1.0,,,,,,,,,,,,,,,,,,,,,,,,,,,,,
839526663,"21 Jan 2017, 17:14:37",Afternoon run,Run,,1595,3.54,,false,,activities/839526663.gpx,70.0,,1595.0,1495.0,3548.0,4.300000190734863,,15.783300399780273,,20.899999618530273,37.599998474121094,19.100000381469727,-0.031003400683403015,,,,,,,,,,,,,,,,,,,,,,,,,0.0,,,,,,,,,,,,,,,,,,,,,,,,,,,,,
847342457,"28 Jan 2017, 18:57:34",Evening Run,Run,,2268,6.83,,false,,activities/847342457.gpx,70.0,,2268.0,2195.0,6829.89990234375,5.699999809265137,,29.11359977722168,,20.0,40.0,21.899999618530273,0.04831700026988983,,,,,,,,,,,,,,,,,,,,,,,,,0.0,,,,,,,,,,,,,,,,,,,,,,,,,,,,,
852461762,"2 Feb 2017, 08:30:05",Morning Ride,Ride,,1615,7.33,,false,,activities/852461762.gpx,70.0,,1615.0,1123.0,7338.2001953125,16.100000381469727,,31.295000076293945,,3.0999999046325684,35.900001525878906,29.299999237060547,0.00545092998072505,,,,,,,,143.3090057373047,,,,,,,,,,,,,,,,,0.0,,,,,,,,,,,,,,,,,,,,,,,,,,,,,
852990684,"2 Feb 2017, 18:53:06",Evening Ride,Ride,,1779,8.65,,false,,activities/852990684.gpx,70.0,,1779.0,1561.0,8654.2001953125,15.399999618530273,,51.66809844970703,,1.100000023841858,40.0,22.0,0.12363900244235992,,,,,,,,112.5739974975586,,,,,,,,,,,,,,,,,0.0,,,,,,,,,,,,,,,,,,,,,,,,,,,,,
853489562,"3 Feb 2017, 07:59:12",Morning Ride,Ride,,1161,7.49,,false,,activities/853489562.gpx,70.0,,1161.0,1015.0,7494.0,14.0,,15.489999771118164,,4.099999904632568,36.20000076293945,39.29999923706055,-0.24953299760818481,,,,,,,,143.11599731445312,,,,,,,,,,,,,,,,,0.0,,,,,,,,,,,,,,,,,,,,,,,,,,,,,
853908440,"3 Feb 2017, 17:20:43",Afternoon Ride,Ride,,1578,8.17,,false,,activities/853908440.gpx,70.0,,1578.0,1470.0,8174.60009765625,13.100000381469727,,34.98270034790039,,4.900000095367432,40.0,20.299999237060547,0.33885401487350464,,,,,,,,112.66699981689453,,,,,,,,,,,,,,,,,0.0,,,,,,,,,,,,,,,,,,,,,,,,,,,,,
854646145,"4 Feb 2017, 10:30:02",Morning Run,Run,,5417,14.00,,false,,activities/854646145.gpx,70.0,,5417.0,5305.0,14001.7998046875,7.800000190734863,,33.9921989440918,,3.9000000953674316,40.599998474121094,19.600000381469727,-0.004285159986466169,,,,,,,,,,,,,,,,,,,,,,,,,0.0,,,,,,,,,,,,,,,,,,,,,,,,,,,,,
856985340,"6 Feb 2017, 08:26:16",Morning Ride,Ride,,1735,8.86,,false,,activities/856985340.gpx,70.0,,1735.0,1496.0,8859.599609375,14.699999809265137,,42.567298889160156,,2.0,35.0,24.299999237060547,-0.016930799931287766,,,,,,,,110.31700134277344,,,,,,,,,,,,,,,,,0.0,,,,,,,,,,,,,,,,,,,,,,,,,,,,,
857368436,"6 Feb 2017, 17:19:11",Afternoon Ride,Ride,,1897,9.54,,false,,activities/857368436.gpx,70.0,,1897.0,1733.0,9541.2998046875,12.899999618530273,,45.075801849365234,,3.299999952316284,40.0,14.899999618530273,0.09013450145721436,,,,,,,,113.2020034790039,,,,,,,,,,,,,,,,,0.0,,,,,,,,,,,,,,,,,,,,,,,,,,,,,
873116965,"20 Feb 2017, 07:40:15",Morning Ride,Ride,,1705,8.86,,false,,activities/873116965.gpx,70.0,,1705.0,1479.0,8863.5,15.800000190734863,,29.50830078125,,3.0999999046325684,37.20000076293945,31.700000762939453,-0.05302650108933449,,,,,,,,114.70700073242188,,,,,,,,,,,,,,,,,0.0,,,,,,,,,,,,,,,,,,,,,,,,,,,,,
874239076,"21 Feb 2017, 07:59:00",Morning Ride,Ride,,2210,10.14,,false,,activities/874239076.gpx,70.0,,2210.0,1836.0,10147.400390625,13.399999618530273,,55.920501708984375,,2.0,37.29999923706055,37.599998474121094,-0.04237540066242218,,,,,,,,113.95099639892578,,,,,,,,,,,,,,,,,0.0,,,,,,,,,,,,,,,,,,,,,,,,,,,,,
874867763,"21 Feb 2017, 18:48:02",Evening Ride,Ride,,1938,9.00,,false,,activities/874867763.gpx,70.0,,1938.0,1698.0,9008.2001953125,11.600000381469727,,38.112098693847656,,1.7999999523162842,40.0,17.100000381469727,0.13432200253009796,,,,,,,,96.51629638671875,,,,,,,,,,,,,,,,,0.0,,,,,,,,,,,,,,,,,,,,,,,,,,,,,
881336599,"27 Feb 2017, 07:35:28",Morning Ride,Ride,,1908,7.85,,false,,activities/881336599.gpx,70.0,,1908.0,1464.0,7858.10009765625,11.100000381469727,,42.03839874267578,,2.0,36.5,31.0,-0.01908859983086586,,,,,,,,97.97530364990234,,,,,,,,,,,,,,,,,0.0,,,,,,,,,,,,,,,,,,,,,,,,,,,,,
881887074,"27 Feb 2017, 18:27:31",Evening Ride,Ride,,2377,9.53,,false,,activities/881887074.gpx,70.0,,2377.0,2147.0,9530.7001953125,11.600000381469727,,46.18840026855469,,3.0999999046325684,40.5,13.0,0.1248600035905838,,,,,,,,85.77639770507812,,,,,,,,,,,,,,,,,0.0,,,,,,,,,,,,,,,,,,,,,,,,,,,,,
882384936,"28 Feb 2017, 07:46:44",Morning Ride,Ride,,1809,8.97,,false,,activities/882384936.gpx,70.0,,1809.0,1627.0,8974.0,10.899999618530273,,45.1953010559082,,2.0,40.0,34.0,-0.024515299126505852,,,,,,,,91.35449981689453,,,,,,,,,,,,,,,,,0.0,,,,,,,,,,,,,,,,,,,,,,,,,,,,,
898401960,"28 Feb 2017, 17:39:32",Afternoon Ride,Ride,,1893,9.48,,false,,activities/898401960.gpx,70.0,,1893.0,1839.0,9487.2998046875,14.699999809265137,,45.781700134277344,,3.299999952316284,41.5,20.0,0.10329599678516388,,,,,,,,105.37300109863281,,,,,,,,,,,,,,,,,0.0,,,,,,,,,,,,,,,,,,,,,,,,,,,,,
898417395,"13 Mar 2017, 08:32:48",Morning Ride,Ride,,1265,5.89,,false,,activities/898417395.gpx,70.0,,1265.0,1116.0,5895.39990234375,13.399999618530273,,0.0,,2.0,36.20000076293945,17.5,-0.47833898663520813,,,,,,,,91.33429718017578,,,,,,,,,,,,,,,,,0.0,,,,,,,,,,,,,,,,,,,,,,,,,,,,,
903943696,"17 Mar 2017, 17:46:16",Ben gets lost v2: I hate the A10,Ride,"",3525,17.69,,false,,activities/903943696.gpx,70.0,,3525.0,3182.0,17690.30078125,12.0,,156.81399536132812,89.91400146484375,3.0999999046325684,71.0,30.5,0.37817299365997314,,,,,,,,119.78700256347656,424.9958801269531,,,,,,,,,,,,,,,,0.0,,,,,,,,,,,,,,,,,,,,,,,,,,,,,
908413066,"21 Mar 2017, 07:38:56",Loving life with a short commute,Ride,,951,6.10,,false,,activities/908413066.gpx,70.0,,951.0,934.0,6099.5,10.5,,0.0,,2.0,37.599998474121094,19.600000381469727,-0.4705300033092499,,,,,,,,103.51699829101562,,,,,,,,,,,,,,,,,0.0,,,,,,,,,,,,,,,,,,,,,,,,,,,,,
909057625,"21 Mar 2017, 17:52:36",Afternoon Ride,Ride,,1192,6.26,,false,,activities/909057625.gpx,70.0,,1192.0,1124.0,6260.39990234375,12.5,,35.51539993286133,,2.0,40.0,21.799999237060547,0.4280880093574524,,,,,,,,103.27300262451172,,,,,,,,,,,,,,,,,0.0,,,,,,,,,,,,,,,,,,,,,,,,,,,,,
913559470,"25 Mar 2017, 11:53:11",Lunch Ride,Ride,,1514,9.82,,false,,activities/913559470.gpx,70.0,,1514.0,1466.0,9823.0,14.0,,50.275001525878906,,2.0,37.5,21.200000762939453,0.0743153989315033,,,,,,,,150.21400451660156,,,,,,,,,,,,,,,,,0.0,,,,,,,,,,,,,,,,,,,,,,,,,,,,,
921692992,"31 Mar 2017, 06:54:14",RUN to work ,Run,"",1870,6.06,,false,,activities/921692992.gpx,70.0,,1870.0,1813.0,6067.2001953125,8.5,,0.0,,2.0,37.70000076293945,6.5,-0.5224819779396057,,,,,,,,,,,,,,,,,,,,,,,,,0.0,,,,,,,,,,,,,,,,,,,,,,,,,,,,,
922144747,"31 Mar 2017, 15:35:23",Afternoon Run,Run,,2091,6.17,,false,,activities/922144747.gpx,70.0,,2091.0,2009.0,6169.0,4.699999809265137,,38.0,,2.0,40.0,21.700000762939453,0.49764999747276306,,,,,,,,,,,,,,,,,,,,,,,,,0.0,,,,,,,,,,,,,,,,,,,,,,,,,,,,,
929422734,"5 Apr 2017, 17:09:45",Evening Ride,Ride,,1313,6.55,,false,,activities/929422734.gpx,70.0,,1313.0,1283.0,6549.2998046875,11.199999809265137,,39.7400016784668,,-1.0,40.0,17.5,0.3939349949359894,,,,,,,,106.41600036621094,,,,,,,,,,,,,,,,,0.0,,,,,,,,,,,,,,,,,,,,,,,,,,,,,
954285980,"23 Apr 2017, 10:07:04",Ride with Joat,Ride,,2152,5.82,,false,,activities/954285980.gpx,70.0,,2152.0,1746.0,5819.89990234375,6.599999904632568,,22.83289909362793,,28.799999237060547,53.0,15.0,0.024055400863289833,,,,,,,,51.513999938964844,,,,,,,,,,,,,,,,,0.0,,,,,,,,,,,,,,,,,,,,,,,,,,,,,
986192194,"14 May 2017, 14:58:30",Covent Garden ,Ride,,3064,15.81,,false,,activities/986192194.gpx,70.0,,3064.0,2842.0,15815.7001953125,13.100000381469727,,58.20429992675781,99.50430297851562,19.399999618530273,71.0,26.899999618530273,-0.26113298535346985,,,,,,,,97.24420166015625,308.15032958984375,,,,,,,,,,,,,,,,0.0,,,,,,,,,,,,,,,,,,,,,,,,,,,,,
986320335,"14 May 2017, 16:43:43",Afternoon Ride,Ride,,1189,6.51,,false,,activities/986320335.gpx,70.0,,1189.0,1130.0,6517.7998046875,12.100000381469727,,37.85329818725586,,2.0,40.0,18.0,0.5155109763145447,,,,,,,,122.62699890136719,,,,,,,,,,,,,,,,,0.0,,,,,,,,,,,,,,,,,,,,,,,,,,,,,
993684703,"18 May 2017, 05:56:03",Morning Run,Run,,1899,6.10,,false,,activities/993684703.gpx,70.0,,1899.0,1857.0,6107.2998046875,5.699999809265137,,0.0,,2.0,37.5,13.300000190734863,-0.4650169909000397,,,,,,,,,,,,,,,,,,,,,,,,,0.0,,,,,,,,,,,,,,,,,,,,,,,,,,,,,
1013930667,"31 May 2017, 06:34:15",Morning Run,Run,,2019,6.26,,false,,activities/1013930667.gpx,70.0,,2019.0,1890.0,6261.10009765625,5.599999904632568,,19.792800903320312,,2.0,40.0,14.600000381469727,-0.4951210021972656,,,,,,,,,,,,,,,,,,,,,,,,,0.0,,,,,,,,,,,,,,,,,,,,,,,,,,,,,
1021940169,"5 Jun 2017, 07:02:07",Morning Ride,Ride,,2653,11.64,,false,,activities/1021940169.gpx,70.0,,2653.0,2156.0,11642.099609375,15.5,,121.30799865722656,,3.0,40.0,29.799999237060547,-0.13829100131988525,,,,,,,,104.01699829101562,,,,,,,,,,,,,,,,,0.0,,,,,,,,,,,,,,,,,,,,,,,,,,,,,
1031383092,"11 Jun 2017, 12:13:43",Ditchling pain,Ride,,884,2.95,,false,,activities/1031383092.gpx,70.0,,884.0,827.0,2951.0,8.800000190734863,,190.64700317382812,,59.0,227.5,44.29999923706055,5.381229877471924,,,,,,,,195.3249969482422,,,,,,,,,,,,,,,,,0.0,,,,,,,,,,,,,,,,,,,,,,,,,,,,,
1065948176,"3 Jul 2017, 18:13:59",Evening Run,Run,,1357,4.95,,false,,activities/1065948176.gpx,70.0,,1357.0,1348.0,4951.0,4.900000095367432,,76.71530151367188,,22.5,49.0,27.0,-0.02625730074942112,,,,,,,,,,,,,,,,,,,,,,,,,0.0,,,,,,,,,,,,,,,,,,,,,,,,,,,,,
1070487610,"6 Jul 2017, 14:34:30",Afternoon Run,Run,,1753,5.23,,false,,activities/1070487610.gpx,70.0,,1753.0,1521.0,5237.2998046875,8.399999618530273,,79.30439758300781,,22.5,49.0,27.200000762939453,-0.21766899526119232,,,,,,,,,,,,,,,,,,,,,,,,,0.0,,,,,,,,,,,,,,,,,,,,,,,,,,,,,
1101111523,"25 Jul 2017, 17:40:25",Evening Run,Run,,1351,5.00,,false,,activities/1101111523.gpx,70.0,,1351.0,1351.0,5000.10009765625,5.300000190734863,,77.02140045166016,,22.5,49.0,26.600000381469727,-0.023999499157071114,,,,,,,,,,,,,,,,,,,,,,,,,0.0,,,,,,,,,,,,,,,,,,,,,,,,,,,,,
1102738973,"26 Jul 2017, 17:24:47",Stiff legs - Work to Clapham Common ,Run,,1153,3.91,,false,,activities/1102738973.gpx,70.0,,1153.0,1130.0,3911.39990234375,13.600000381469727,,27.43160057067871,,6.300000190734863,16.600000381469727,15.699999809265137,0.2633329927921295,,,,,,,,,,,,,,,,,,,,,,,,,0.0,,,,,,,,,,,,,,,,,,,,,,,,,,,,,
1133731384,"14 Aug 2017, 18:17:05",Evening Run,Run,,5387,15.92,,false,,activities/1133731384.gpx,70.0,,5387.0,5333.0,15919.2998046875,8.5,,115.76399993896484,,2.799999952316284,39.400001525878906,30.100000381469727,0.0157041996717453,,,,,,,,,,,,,,,,,,,,,,,,,0.0,,,,,,,,,,,,,,,,,,,,,,,,,,,,,
1171562513,"6 Sep 2017, 16:55:58",Miles on legs,Run,,7903,21.72,,false,,activities/1171562513.gpx,70.0,,7903.0,7401.0,21723.69921875,8.699999809265137,,161.56700134277344,,2.799999952316284,40.0,33.29999923706055,0.0027619600296020508,,,,,,,,,,,,,,,,,,,,,,,,,0.0,,,,,,,,,,,,,,,,,,,,,,,,,,,,,
1199827787,"24 Sep 2017, 16:04:15",Back 2 suburbs,Ride,,1677,8.23,,false,,activities/1199827787.gpx,70.0,,1677.0,1627.0,8238.599609375,11.5,,82.59259796142578,25.19260025024414,12.0,71.4000015258789,11.899999618530273,0.6967200040817261,,,,,,,,108.52200317382812,196.87030029296875,,,,,,,,,,,,,,,,0.0,,,,,,,,,,,,,,,,,,,,,,,,,,,,,
1224960960,"11 Oct 2017, 07:12:39",Morning Ride,Ride,,1450,7.45,,false,,activities/1224960960.gpx,70.0,,1450.0,1412.0,7453.60009765625,9.699999809265137,,31.436599731445312,,4.900000095367432,40.0,18.5,-0.39980700612068176,,,,,,,,84.23809814453125,,,,,,,,,,,,,,,,,0.0,,,,,,,,,,,,,,,,,,,,,,,,,,,,,
1224974175,"11 Oct 2017, 07:44:12",Morning Ride,Ride,,525,2.17,,false,,activities/1224974175.gpx,70.0,,525.0,470.0,2175.800048828125,9.800000190734863,,16.17919921875,,7.0,18.0,24.700000762939453,0.1516679972410202,,,,,,,,92.78050231933594,,,,,,,,,,,,,,,,,0.0,,,,,,,,,,,,,,,,,,,,,,,,,,,,,
1265899760,"7 Nov 2017, 08:10:00",30’ row,Rowing,"",1800,"6,600",,false,,,70.0,,1800.0,1800.0,6600.0,,,,,,,,0.0,,,,,,,,,,,,,,,,,,,,,,,,,0.0,,,,,,,,,,,,,,,,,,,,,,,,,,,,,
1268391558,"9 Nov 2017, 19:35:13","30’ row, rate 16",Rowing,,1800,"6,900",,false,,,,,1800.0,1800.0,6900.0,,,,,,,,0.0,,,,,,,,,,,,,,,,,,,,,,,,,0.0,,,,,,,,,,,,,,,,,,,,,,,,,,,,,
1333071788,"30 Dec 2017, 13:09:24",Practice Ride to work,Ride,,3044,17.92,,false,,activities/1333071788.gpx,70.0,,3044.0,2979.0,17922.599609375,15.300000190734863,,150.7519989013672,213.3520050048828,3.0999999046325684,71.0,48.70000076293945,-0.3492799997329712,,,,,,,,121.9469985961914,405.05731201171875,,,,,,,,,,,,,,,,0.0,,,,,,,,,,,,,,,,,,,,,,,,,,,,,
1333320441,"30 Dec 2017, 15:23:55",Ride home : ugh damn you google maps,Ride,,4343,22.89,,false,,activities/1333320441.gpx,70.0,,4343.0,4188.0,22893.5,14.800000190734863,,232.39100646972656,165.89100646972656,3.200000047683716,71.0,22.200000762939453,0.2904750108718872,,,,,,,,115.8030014038086,540.7559814453125,,,,,,,,,,,,,,,,0.0,,,,,,,,,,,,,,,,,,,,,,,,,,,,,
1384196371,"31 Jan 2018, 06:50:34",First ride back (inc falling into a grate),Ride,"",3074,17.25,,false,,activities/1384196371.gpx,70.0,,3074.0,2964.0,17258.900390625,12.100000381469727,,129.5659942626953,191.76600646972656,4.900000095367432,71.0,28.299999237060547,-0.3603940010070801,,,,,,,,107.23999786376953,354.4131774902344,,,,,,,,,,,,,,,,0.0,,,,,,,,,,,,,,,,,,,,,,,,,,,,,
1385013599,"31 Jan 2018, 17:49:55",Home time for me,Ride,,3151,17.06,,false,,activities/1385013599.gpx,70.0,,3151.0,2917.0,17063.69921875,12.800000190734863,,191.12100219726562,128.2209930419922,0.8999999761581421,71.0,44.29999923706055,0.36861899495124817,,,,,,,,124.01000213623047,403.3369445800781,,,,,,,,,,,,,,,,0.0,,,,,,,,,,,,,,,,,,,,,,,,,,,,,
1415187934,"19 Feb 2018, 07:12:50",Morning Ride,Ride,,4002,18.20,,false,,activities/1415187934.gpx,70.0,,4002.0,3418.0,18204.69921875,10.699999809265137,,140.95272827148438,203.55299377441406,3.0999999046325684,71.0,36.20000076293945,-0.3438672423362732,,,,,,,,95.1412353515625,362.58978271484375,,,,,,,,,,,,,,,,0.0,,,,,,,,,,,,,,,,,,,,,,,,,,,,,
1415920509,"19 Feb 2018, 17:55:07",Afternoon Ride,Ride,,3664,17.05,,false,,activities/1415920509.gpx,70.0,,3664.0,3254.0,17050.400390625,11.100000381469727,,194.17861938476562,131.47900390625,0.8999999761581421,71.0,31.600000381469727,0.36773329973220825,,,,,,,,109.88825225830078,398.6967468261719,,,,,,,,,,,,,,,,0.0,,,,,,,,,,,,,,,,,,,,,,,,,,,,,
1504400339,"12 Apr 2018, 16:18:07",Espania,Run,,1167,3.36,,false,,activities/1504400339.gpx,70.0,,1167.0,1050.0,3364.300048828125,4.599999904632568,,38.74699401855469,,1.0,10.899999618530273,19.299999237060547,-0.10700591653585434,,,,,,,,,,,,,,,,,,,,,,,,,0.0,,,,,,,,,,,,,,,,,,,,,,,,,,,,,
1512401186,"16 Apr 2018, 17:03:56",Evening Ride,Ride,,3298,10.76,,false,,activities/1512401186.gpx,70.0,,3298.0,1173.0,10759.7001953125,12.5,,81.32380676269531,18.423799514770508,7.900000095367432,71.4000015258789,13.800000190734863,0.5845887660980225,,,,,,,,82.69467163085938,108.1559829711914,,,,,,,,,,,,,,,,0.0,,,,,,,,,,,,,,,,,,,,,,,,,,,,,
1513279562,"17 Apr 2018, 06:17:30",Morning Ride,Ride,,3506,17.23,,false,,activities/1513279562.gpx,70.0,,3506.0,3246.0,17238.5,14.5,,133.84767150878906,195.7480010986328,2.9000000953674316,71.0,27.299999237060547,-0.3590799570083618,,,,,,,,90.66477966308594,328.1422119140625,,,,,,,,,,,,,,,,0.0,,,,,,,,,,,,,,,,,,,,,,,,,,,,,
1514298771,"17 Apr 2018, 16:59:41",Afternoon Ride,Ride,,3503,17.31,,false,,activities/1514298771.gpx,70.0,,3503.0,3082.0,17318.0,13.399999618530273,,189.58753967285156,126.48799896240234,2.9000000953674316,71.0,25.200000762939453,0.3643607795238495,,,,,,,,114.75149536132812,394.3337707519531,,,,,,,,,,,,,,,,0.0,,,,,,,,,,,,,,,,,,,,,,,,,,,,,
1516848312,"18 Apr 2018, 19:22:29",Slowcoach,Run,,3700,7.10,,false,,activities/1516848312.gpx,70.0,,3700.0,3046.0,7100.39990234375,4.0,,68.59049987792969,68.3905029296875,36.0,72.4000015258789,8.800000190734863,0.002816739957779646,,,,,,,,,621.9381713867188,,,,,,,,,,,,,,,,0.0,,,7231.2001953125,,,,,,,,,,,,,,,,,,,,,,,,,,
1520999807,"20 Apr 2018, 21:52:40",Whatever,Run,Slight pain front of foot across toes ,2900,7.13,,false,,activities/1520999807.gpx,70.0,,2900.0,2651.0,7131.0,4.0,,77.29540252685547,77.39540100097656,36.0,72.4000015258789,17.799999237060547,-0.001402330002747476,,,,,,,,,627.3222045898438,,,,,,,,,,,,,,,,0.0,,,7293.7998046875,,,,,,,,,,,,,,,,,,,,,,,,,,
1529672263,"24 Apr 2018, 20:30:46",Night Run,Run,,1983,4.97,,false,,activities/1529672263.gpx,70.0,,1983.0,1610.0,4975.0,4.300000190734863,,49.40165328979492,70.10169982910156,31.0,71.0,16.100000381469727,-0.41608041524887085,,,,,,,,,433.5126953125,,,,,,,,,,,,,,,,0.0,,,5040.39990234375,,,,,,,,,,,,,,,,,,,,,,,,,,
1531668644,"25 Apr 2018, 18:51:59",Evening Run,Run,,3524,9.12,,false,,activities/1531668644.gpx,70.0,,3524.0,3119.0,9128.7001953125,4.099999904632568,,82.16170501708984,82.26170349121094,61.70000076293945,101.0,31.200000762939453,-0.0010954461758956313,,,,,,,,,800.3179321289062,,,,,,,,,,,,,,,,0.0,,,9305.2001953125,,,,,,,,,,,,,,,,,,,,,,,,,,
1543845994,"1 May 2018, 18:37:11",Evening Run,Run,,3642,9.73,,false,,activities/1543845994.gpx,70.0,,3642.0,3436.0,9736.400390625,7.599999904632568,,92.55091094970703,92.6509017944336,57.70000076293945,102.0,16.399999618530273,-0.001027073711156845,,,,,,,,,852.6105346679688,,,,,,,,,,,,,,,,0.0,,,9913.2001953125,,,,,,,,,,,,,,,,,,,,,,,,,,
1547861113,"3 May 2018, 19:58:35",Evening Run,Run,,2227,4.76,,false,,activities/1547861113.gpx,70.0,,2227.0,2018.0,4762.7001953125,4.300000190734863,,56.862953186035156,56.9630012512207,31.0,72.4000015258789,21.5,-0.0020996492821723223,,,,,,,,,421.4716491699219,,,,,,,,,,,,,,,,0.0,,,4900.39990234375,,,,,,,,,,,,,,,,,,,,,,,,,,
1558601997,"8 May 2018, 18:33:35",Evening Run,Run,,3757,9.62,,false,,activities/1558601997.gpx,70.0,,3757.0,3507.0,9621.400390625,4.599999904632568,,93.03626251220703,92.73629760742188,57.70000076293945,101.9000015258789,17.5,0.0031180493533611298,,,,,,,,,842.5562744140625,,,,,,,,,,,,,,,,0.0,,,9796.2998046875,,,,,,,,,,,,,,,,,,,,,,,,,,
1572252750,"14 May 2018, 19:32:49",Evening Run,Run,,3715,7.39,,false,,activities/1572252750.gpx,70.0,,3715.0,2835.0,7398.5,4.199999809265137,,67.54178619384766,67.841796875,57.70000076293945,101.0,16.299999237060547,-0.004054876044392586,,,,,,,,,643.3970336914062,,,,,,,,,,,,,,,,0.0,,,7480.7001953125,,,,,,,,,,,,,,,,,,,,,,,,,,
1598037380,"26 May 2018, 20:23:59",Vegaaaaan! ,Run,,3369,9.13,,false,,activities/1598037380.gpx,70.0,,3369.0,3207.0,9138.400390625,4.5,,82.29637908935547,82.49639892578125,44.0,73.0,15.300000190734863,-0.0021885668393224478,,,,,,,,,797.53125,,,,,,,,,,,,,,,,0.0,,,9272.7998046875,,,,,,,,,,,,,,,,,,,,,,,,,,
1634363300,"12 Jun 2018, 17:40:49",Evening Ride,Ride,,0,0.05,,false,,activities/1634363300.gpx,70.0,,0.0,0.0,51.29999923706055,0.0,,0.0,,5.400000095367432,5.5,0.0,-0.1949317753314972,,,,,,,,376.0,,,,,,,,,,,,,,,,,0.0,,,,,,,,,,,,,,,,,,,,,,,,,,,,,
1906928182,"15 Oct 2018, 17:42:58",Vegan mo fo ,Run,"",5381,15.01,,false,,activities/1906928182.gpx,70.0,,5381.0,5364.0,15009.099609375,4.199999809265137,,84.20106506347656,84.0010986328125,70.0,104.0,18.399999618530273,0.0013325249310582876,,,,,,,,,1301.510009765625,,,,,,,,,,,,,,,,0.0,,,15132.5,,,,,,,,,,,,,,,,,,,,,,,,,,
1912465845,"18 Oct 2018, 13:22:25",Note to self: don’t drink the night before a run,Run,"",4517,11.82,,false,,activities/1912465845.gpx,70.0,,4517.0,3975.0,11822.599609375,4.199999809265137,,143.81781005859375,136.21800231933594,28.899999618530273,104.0,20.700000762939453,0.06428366154432297,,,,,,,,,1040.7779541015625,,,,,,,,,,,,,,,,0.0,,,12101.0,,,,,,,,,,,,,,,,,,,,,,,,,,
3179094331,"13 Mar 2020, 09:13:29",Morning Run,Run,,2335,6.00,,false,,activities/3179094331.gpx,70.0,,2335.0,2227.0,5999.10009765625,6.400000095367432,2.693803310394287,16.584638595581055,16.5846004486084,54.79999923706055,63.70000076293945,11.399999618530273,0.0,,,,,,,,,517.9463500976562,,,,,,,,,,,,,,0.0,,0.0,,1.0,6022.10009765625,,,,,,,,,,,,,,,,,,,,,,,,,,
3190447294,"17 Mar 2020, 08:01:17",Friends,Run,,4596,12.09,,false,,activities/3190447294.gpx,70.0,,4596.0,4435.0,12094.099609375,7.5,2.7269673347473145,11.251340866088867,11.251299858093262,54.099998474121094,63.900001525878906,13.300000190734863,0.0,,,,,,,,,1043.435546875,,,,,,,,,,,,,,0.0,,0.0,,1.0,12131.900390625,,,,,,,,,,,,,,,,,,,,,,,,,,
3209313593,"23 Mar 2020, 08:08:03",Woop,Run,,1582,5.00,,false,,activities/3209313593.gpx,70.0,,1582.0,1542.0,5006.89990234375,6.699999809265137,3.2470169067382812,8.89464282989502,8.89463996887207,54.900001525878906,64.0,9.5,0.0,,,,,,,,,432.119384765625,,,,,,,,,,,,,,0.0,,0.0,,1.0,5024.2001953125,,,,,,,,,,,,,,,,,,,,,,,,,,
3219177324,"26 Mar 2020, 07:55:57",Slow chug,Run,,1934,5.47,,false,,activities/3219177324.gpx,70.0,,1934.0,1904.0,5472.60009765625,5.5,2.874264717102051,12.565757751464844,12.565799713134766,54.900001525878906,64.0,16.100000381469727,0.0,,,,,,,,,472.7149658203125,,,,,,,,,,,,,,0.0,,0.0,,1.0,5496.2001953125,,,,,,,,,,,,,,,,,,,,,,,,,,
3230424382,"29 Mar 2020, 09:27:58",My mum rang me and I saw a dog,Run,"",1334,3.59,,false,,activities/3230424382.gpx,70.0,,1334.0,1198.0,3598.60009765625,5.0,3.0038397312164307,2.942564010620117,1.4425599575042725,54.900001525878906,58.400001525878906,15.0,0.04168287664651871,,,,,,,,,310.68524169921875,,,,,,,,,,,,,,0.0,,0.0,,1.0,3612.300048828125,,,,,,,,,,,,,,,,,,,,,,,,,,
3237287741,"31 Mar 2020, 07:28:46",I said good morning to everyone,Run,,2486,6.88,,false,,activities/3237287741.gpx,70.0,,2486.0,2374.0,6883.89990234375,6.599999904632568,2.899705171585083,3.085237979888916,3.085239887237549,54.900001525878906,58.400001525878906,13.300000190734863,0.0,,,,,,,,,594.0888671875,,,,,,,,,,,,,,0.0,,0.0,,1.0,6907.39990234375,,,,,,,,,,,,,,,,,,,,,,,,,,
3248900157,"3 Apr 2020, 07:27:50",Is a geese a male swan? Mum says don't be stupid,Run,,2889,7.87,,false,,activities/3248900157.gpx,70.0,,2889.0,2723.0,7875.7001953125,12.5,2.8922879695892334,3.3107142448425293,3.6107099056243896,54.900001525878906,58.400001525878906,25.299999237060547,-0.0038091852329671383,,,,,,,,,680.1051025390625,,,,,,,,,,,,,,0.0,,0.0,,1.0,7907.5,,,,,,,,,,,,,,,,,,,,,,,,,,
3256706627,"5 Apr 2020, 07:06:27","A slow run is still a run, Strava people",Run,,2663,7.42,,false,,activities/3256706627.gpx,70.0,,2663.0,2547.0,7426.89990234375,5.5,2.915940284729004,5.730555534362793,5.830560207366943,53.5,59.70000076293945,16.399999618530273,-0.0013464568182826042,,,,,,,,,640.90283203125,,,,,,,,,,,,,,0.0,,0.0,,1.0,7451.7001953125,,,,,,,,,,,,,,,,,,,,,,,,,,
3265247518,"7 Apr 2020, 06:54:40",Duckies,Run,"",2735,6.19,,false,,activities/3265247518.gpx,70.0,,2735.0,2474.0,6191.60009765625,5.300000190734863,2.5026676654815674,29.5779972076416,29.577999114990234,54.79999923706055,72.80000305175781,9.699999809265137,0.0,,,,,,,,,536.6702270507812,,,,,,,,,,,,,,0.0,,0.0,,1.0,6239.7998046875,,,,,,,,,,,,,,,,,,,,,,,,,,
3274366954,"9 Apr 2020, 07:19:49","""Ewe did this!"" (Knives out reference)",Run,"",4850,10.89,,false,,activities/3274366954.gpx,70.0,,4850.0,4150.0,10895.099609375,5.900000095367432,2.6253252029418945,120.67332458496094,120.6729965209961,54.79999923706055,156.10000610351562,48.400001525878906,0.0,,,,,,,,,964.8504638671875,,,,,,,,,,,,,,0.0,,0.0,,1.0,11218.2001953125,,,,,,,,,,,,,,,,,,,,,,,,,,
3288422806,"12 Apr 2020, 09:39:14",A nice rounded wholesome run,Run,,4987,12.28,,false,,activities/3288422806.gpx,70.0,,4987.0,4806.0,12279.7001953125,5.599999904632568,2.555077075958252,142.45997619628906,142.4600067138672,54.900001525878906,155.8000030517578,17.200000762939453,0.0,,,,,,,,,1080.92626953125,,,,,,,,,,,,,,0.0,,0.0,,1.0,12567.7998046875,,,,,,,,,,,,,,,,,,,,,,,,,,
3310674939,"17 Apr 2020, 08:52:48",Bleh,Run,,1309,3.51,,false,,activities/3310674939.gpx,70.0,,1309.0,1230.0,3510.89990234375,5.300000190734863,2.8543901443481445,,0.0,55.599998474121094,57.400001525878906,5.699999809265137,0.0,,,,,,,,,302.2135009765625,,,,,,,,,,,,,,0.0,,0.0,,1.0,3513.800048828125,,,,,,,,,,,,,,,,,,,,,,,,,,
3329679658,"21 Apr 2020, 07:28:39","Chill Winston, it's only Plank",Run,,4874,12.18,,false,,activities/3329679658.gpx,70.0,,4874.0,4675.0,12184.900390625,7.300000190734863,2.606395721435547,142.7276611328125,142.72799682617188,54.900001525878906,155.8000030517578,47.599998474121094,0.0,,,,,,,,,1072.841552734375,,,,,,,,,,,,,,0.0,,0.0,,1.0,12473.7998046875,,,,,,,,,,,,,,,,,,,,,,,,,,
3350521066,"25 Apr 2020, 10:08:27",Au revoir reservoir,Run,,11583,25.03,,false,,activities/3350521066.gpx,70.0,,11583.0,9910.0,25034.0,8.300000190734863,2.526135206222534,185.88082885742188,185.88099670410156,54.900001525878906,155.8000030517578,22.399999618530273,0.0,,,,,,,,,2184.747802734375,,,,,,,,,,,,,,0.0,,0.0,,1.0,25401.80078125,,,,,,,,,,,,,,,,,,,,,,,,,,
3367041907,"28 Apr 2020, 17:01:44",A stumbling ogre,Run,,2628,7.12,,false,,activities/3367041907.gpx,70.0,,2628.0,2517.0,7128.39990234375,6.800000190734863,2.832101821899414,17.1733341217041,17.17329978942871,55.599998474121094,65.4000015258789,10.5,0.0,,,,,,,,,614.7479248046875,,,,,,,,,,,,,,0.0,,0.0,,1.0,7147.60009765625,,,,,,,,,,,,,,,,,,,,,,,,,,
3390355921,"3 May 2020, 10:10:25",Maybe I should be a monk,Run,,5119,12.44,,false,,activities/3390355921.gpx,70.0,,5119.0,4928.0,12439.900390625,6.0,2.5243303775787354,142.65512084960938,142.65499877929688,54.900001525878906,155.8000030517578,35.900001525878906,0.0,,,,,,,,,1094.9111328125,,,,,,,,,,,,,,0.0,,0.0,,1.0,12730.400390625,,,,,,,,,,,,,,,,,,,,,,,,,,
3400421004,"5 May 2020, 07:32:21",Get to da choppah,Run,,1704,5.00,,false,,activities/3400421004.gpx,70.0,,1704.0,1644.0,5004.7998046875,8.199999809265137,3.0442821979522705,8.089473724365234,8.089469909667969,55.599998474121094,63.70000076293945,6.900000095367432,0.0,,,,,,,,,431.3539123535156,,,,,,,,,,,,,,0.0,,0.0,,1.0,5015.2998046875,,,,,,,,,,,,,,,,,,,,,,,,,,
3412005171,"7 May 2020, 08:30:31",I'm bill gaaaytes,Run,,1689,4.94,,false,,activities/3412005171.gpx,70.0,,1689.0,1634.0,4939.10009765625,8.699999809265137,3.022705078125,8.100000381469727,8.0,55.599998474121094,63.70000076293945,6.800000190734863,0.002024660352617502,,,,,,,,,425.6258239746094,,,,,,,,,,,,,,0.0,,0.0,,1.0,4948.7001953125,,,,,,,,,,,,,,,,,,,,,,,,,,
3422959312,"9 May 2020, 09:20:05",Oxford is fancy,Run,,2096,5.66,,false,,activities/3422959312.gpx,70.0,,2096.0,2028.0,5659.2998046875,6.099999904632568,2.7905819416046143,12.261168479919434,12.261199951171875,55.599998474121094,63.70000076293945,5.599999904632568,0.0,,,,,,,,,487.77490234375,,,,,,,,,,,,,,0.0,,0.0,,1.0,5671.2998046875,,,,,,,,,,,,,,,,,,,,,,,,,,
3428852250,"10 May 2020, 09:10:44",I am time itself,Run,,4614,12.17,,false,,activities/3428852250.gpx,70.0,,4614.0,4464.0,12169.599609375,6.599999904632568,2.7261648178100586,142.35507202148438,142.35499572753906,54.900001525878906,155.8000030517578,15.199999809265137,0.0,,,,,,,,,1071.8525390625,,,,,,,,,,,,,,0.0,,0.0,,1.0,12462.2998046875,,,,,,,,,,,,,,,,,,,,,,,,,,
3443328464,"13 May 2020, 07:41:34",Constant and liberty,Run,,1923,4.94,,false,,activities/3443328464.gpx,70.0,,1923.0,1856.0,4943.2001953125,5.599999904632568,2.6633620262145996,11.525657653808594,11.425700187683105,55.599998474121094,63.79999923706055,7.599999904632568,0.0020229811780154705,,,,,,,,,426.7783203125,,,,,,,,,,,,,,0.0,,0.0,,1.0,4962.10009765625,,,,,,,,,,,,,,,,,,,,,,,,,,
3466389828,"17 May 2020, 12:59:01",Uh-oh,Run,,3291,7.66,,false,,activities/3466389828.gpx,70.0,,3291.0,3170.0,7665.7998046875,9.100000381469727,2.4182333946228027,73.23281860351562,73.23280334472656,55.400001525878906,101.5,37.20000076293945,0.0,,,,,,,,,670.910888671875,,,,,,,,,,,,,,0.0,,0.0,,1.0,7800.60009765625,,,,,,,,,,,,,,,,,,,,,,,,,,
3481223140,"20 May 2020, 07:59:32",Gooselets,Run,,2749,6.25,,false,,activities/3481223140.gpx,70.0,,2749.0,2339.0,6258.0,7.699999809265137,2.675502300262451,10.280672073364258,10.180700302124023,55.70000076293945,62.70000076293945,23.700000762939453,0.0015979546587914228,,,,,,,,,541.4608154296875,,,,,,,,,,,,,,0.0,,0.0,,1.0,6295.5,,,,,,,,,,,,,,,,,,,,,,,,,,
3518734088,"27 May 2020, 07:59:28",I love more or less,Run,,1962,5.07,,false,,activities/3518734088.gpx,,,1962.0,1867.0,5075.2001953125,6.099999904632568,2.718371629714966,14.395845413208008,14.39579963684082,55.70000076293945,64.5999984741211,9.0,0.0,,,,,,,,,437.99371337890625,,,,,,,,,,,,,,0.0,,0.0,,1.0,5092.5,,,,,,,,,,,,,,,,,,,,,,,,,,
3647953064,"21 Jun 2020, 09:06:03",Glarg,Run,,3186,5.78,,false,,activities/3647953064.gpx,,,3186.0,2322.0,5780.0,7.199999809265137,2.4892334938049316,123.42550659179688,49.82600021362305,55.400001525878906,150.1999969482422,42.29999923706055,1.2733564376831055,,,,,,,,,525.2570190429688,,,,,,,,,,,,,,0.0,,0.0,,1.0,6107.10009765625,,,,,,,,,,,,,,,,,,,,,,,,,,
3657338166,"23 Jun 2020, 07:24:28",Rabbits!!!!,Run,,1576,3.48,,false,,activities/3657338166.gpx,,,1576.0,1516.0,3485.60009765625,7.5,2.299208402633667,10.12833309173584,12.128299713134766,55.599998474121094,64.5999984741211,4.900000095367432,-0.05737892910838127,,,,,,,,,300.41595458984375,,,,,,,,,,,,,,0.0,,0.0,,1.0,3492.89990234375,,,,,,,,,,,,,,,,,,,,,,,,,,
3667843138,"25 Jun 2020, 07:14:03",Hot dog v2,Run,,1560,4.20,,false,,activities/3667843138.gpx,,,1560.0,1444.0,4208.60009765625,6.0,2.9145429134368896,10.581250190734863,12.88129997253418,56.099998474121094,64.5999984741211,9.800000190734863,-0.05465000122785568,,,,,,,,,362.84027099609375,,,,,,,,,,,,,,0.0,,0.0,,1.0,4218.7001953125,,,,,,,,,,,,,,,,,,,,,,,,,,
3764728718,"15 Jul 2020, 07:21:44",Had you but an inkling,Run,,1831,5.22,,false,,activities/3764728718.gpx,,,1831.0,1704.0,5220.60009765625,8.0,3.063732385635376,15.541996002197266,15.442000389099121,55.70000076293945,66.5,8.5,0.001915488624945283,,,,,,,,,451.1356506347656,,,,,,,,,,,,,,0.0,,0.0,,1.0,5245.2998046875,,,,,,,,,,,,,,,,,,,,,,,,,,
3796630961,"21 Jul 2020, 17:14:47",Evening Run,Run,,1408,4.99,,false,,activities/4058225498.gpx.gz,,,1408.0,1408.0,4997.39990234375,5.5,3.5492897033691406,17.200000762939453,13.800000190734863,-24.399999618530273,-12.399999618530273,37.20000076293945,0.06803537905216217,,,83.0,78.31555938720703,,,,,431.5947265625,,24.0,,,,,,,,,,,,,,0.0,,1.0,5018.10009765625,,,,,,,,,,,,,,,,,,,,,,,,,,
3816764935,"24 Jul 2020, 07:37:44",Have the Russians hacked garmin?,Run,Thinking of returning this watch...,2036,6.58,112,false,,activities/4081220711.fit.gz,,,2036.0,2034.0,6583.89990234375,4.800000190734863,3.236922264099121,16.0,16.0,45.599998474121094,55.0,12.300000190734863,-0.018226278945803642,,,84.0,77.88111877441406,,176.900146484375,,,524.0,,23.0,112.0,,,,,,,,,,,,,0.0,,1.0,6595.7001953125,,,,,,,,,,,,,,,,,,,,,,,,,,
3822062745,"27 Jul 2020, 16:17:58",Podcast topic: a Rabbi's view of meaning,Run,"",3194,10.01,170,false,,activities/4087540956.fit.gz,,,3194.0,3187.0,10018.0,5.5,3.143394947052002,65.0,67.0,67.80000305175781,117.4000015258789,12.600000381469727,-0.06987422704696655,,,83.0,77.43896484375,,172.2758331298828,,,788.0,,26.0,170.0,,,,,,,,,,,0.0,,0.0,,1.0,10154.7998046875,,,,,,,,,,,,,,,,,,,,,,,,,,
3866772039,"5 Aug 2020, 07:24:16",Morning Run,Run,,1679,4.78,,false,,activities/3866772039.gpx,,,1679.0,1668.0,4788.2998046875,6.099999904632568,2.870683431625366,12.728947639465332,10.628947257995605,55.70000076293945,66.5,9.300000190734863,0.0438569001853466,,,,,,,,,413.5761413574219,,,,,,,,,,,,,,0.0,,0.0,,1.0,4808.60009765625,,,,,,,,,,,,,,,,,,,,,,,,,,
3874447385,"6 Aug 2020, 17:34:40",Evening Run,Run,,1413,5.01,84,false,,activities/4146114098.fit.gz,,,1413.0,1413.0,5010.39990234375,4.5,3.5459306240081787,15.183333396911621,128.0,55.099998474121094,64.5999984741211,2.9000000953674316,-0.005987545941025019,,,81.0,76.28034210205078,,185.1210174560547,,,396.0,,,84.0,,,,,,,,,,,,,0.0,,1.0,5023.60009765625,,,,,,,,,,,,,,,,,,,,,,,,,,
3896013815,"11 Aug 2020, 07:33:06",Morning Run,Run,,1833,4.96,54,false,,activities/4169802374.fit.gz,,,1833.0,1785.0,4962.7001953125,4.300000190734863,2.780224084854126,15.240476608276367,190.0,55.70000076293945,66.5,10.399999618530273,0.0040300642140209675,,,116.0,75.5665512084961,,157.37310791015625,,,379.0,,,54.0,,,,,,,,,,,,,0.0,,1.0,4977.10009765625,,,,,,,,,,,,,,,,,,,,,,,,,,
3908364582,"13 Aug 2020, 18:07:08",Evening Run,Run,,1119,3.66,57,false,,activities/4183180445.fit.gz,,,1119.0,1112.0,3664.300048828125,6.199999809265137,3.295233726501465,0.0,91.0,55.400001525878906,57.099998474121094,3.0999999046325684,0.010916137136518955,,,117.0,75.51985168457031,,173.9583740234375,,,274.0,,,57.0,,,,,,,,,,,,,0.0,,1.0,3667.300048828125,,,,,,,,,,,,,,,,,,,,,,,,,,
3927887977,"17 Aug 2020, 19:52:54",Evening Run,Run,,3407,10.01,150,false,,activities/4204501811.fit.gz,,,3407.0,3063.0,10014.2998046875,5.699999809265137,3.269441604614258,82.11666870117188,324.0,56.70000076293945,106.5,9.199999809265137,-0.014978580176830292,,,83.0,77.79177856445312,,169.9303436279297,,,722.0,,,150.0,,,,,,,,,,,,,0.0,,1.0,10127.0,,,,,,,,,,,,,,,,,,,,,,,,,,
3974845204,"27 Aug 2020, 19:50:04",Evening Run,Run,,2125,6.16,72,false,,activities/4254807295.fit.gz,,,2125.0,2081.0,6165.60009765625,4.5,2.962806224822998,18.794445037841797,193.0,55.400001525878906,66.5,4.800000190734863,0.00486570643261075,,,114.0,78.53791809082031,,161.30764770507812,,,471.0,,,72.0,,,,,,,,,,,,,0.0,,1.0,6187.39990234375,,,,,,,,,,,,,,,,,,,,,,,,,,
4055203728,"11 Sep 2020, 13:47:08",Afternoon Walk,Walk,,2547,1.87,3,false,,activities/4339915632.fit.gz,,,2547.0,1816.0,1875.199951171875,3.299999952316284,1.0325990915298462,21.23134994506836,201.0,422.79998779296875,587.0999755859375,7.199999809265137,-8.687073707580566,,,107.0,53.964881896972656,,90.6019515991211,,,188.0,,,3.0,,,,,,,,,,,,,0.0,,1.0,,,,,,,,,,,,,,,,,,,,,,,,,,,
4088624213,"20 Sep 2020, 16:15:41",5x400m intervals,Run,"",1078,2.85,42,false,,activities/4375251365.fit.gz,,,1078.0,1004.0,2852.800048828125,4.800000190734863,2.8414342403411865,0.0,81.0,55.70000076293945,57.5,1.7999999523162842,-0.017526639625430107,,,112.0,71.49038696289062,,166.9261474609375,,,248.0,,,42.0,,,,,,,,,,,0.0,,0.0,,1.0,2854.89990234375,,,,,,,,,,,,,,,,,,,,,,,,,,
4093542569,"21 Sep 2020, 17:19:20",Evening Run,Run,,1495,3.24,50,false,,activities/4380482944.fit.gz,,,1495.0,1065.0,3244.89990234375,4.199999809265137,3.0468544960021973,0.0,84.0,55.70000076293945,57.099998474121094,1.100000023841858,0.009245277382433414,,,81.0,77.76380920410156,,168.57183837890625,,,256.0,,,50.0,,,,,,,,,,,,,0.0,,1.0,3247.199951171875,,,,,,,,,,,,,,,,,,,,,,,,,,
4107481293,"24 Sep 2020, 18:49:23",Evening Run,Run,,2059,3.41,34,false,,activities/4395148776.fit.gz,,,2059.0,1008.0,3413.300048828125,4.599999904632568,3.3862102031707764,7.863809585571289,145.0,55.70000076293945,61.599998474121094,4.199999809265137,-0.0029297161381691694,,,86.0,78.15184783935547,,161.014892578125,,,226.0,,,34.0,,,,,,,,,,,,,0.0,,1.0,3428.39990234375,,,,,,,,,,,,,,,,,,,,,,,,,,
4114308978,"26 Sep 2020, 12:05:02",Afternoon Run,Run,,4463,11.50,201,false,,activities/4402430991.fit.gz,,,4463.0,3622.0,11500.2998046875,4.5,3.175124168395996,144.72999572753906,298.0,55.400001525878906,156.5,49.5,-0.0017390850698575377,,,84.0,77.77188873291016,,176.1264190673828,,,911.0,,,201.0,,,,,,,,,,,,,0.0,,1.0,11823.099609375,,,,,,,,,,,,,,,,,,,,,,,,,,
4124418745,"28 Sep 2020, 17:00:02",Evening Ride,Ride,,737,3.83,5,false,,activities/4413187241.fit.gz,,,737.0,701.0,3830.5,9.0,5.46433687210083,4.260000228881836,66.0,55.70000076293945,60.0,3.0,0.041770003736019135,,,,,,128.17404174804688,,62.98573303222656,117.0,,,5.0,,,,,,,,,,,,,0.0,,1.0,,,,,,,,,,,,,,,,,,,,,,,,,,,
4126819215,"29 Sep 2020, 07:05:14",Morning Run,Run,,3112,7.77,132,false,,activities/4415744953.fit.gz,,,3112.0,2682.0,7772.10009765625,4.199999809265137,2.8978748321533203,3.680000066757202,185.0,55.70000076293945,60.79999923706055,13.300000190734863,-0.007719921413809061,,,105.0,78.25637817382812,,169.61656188964844,,,636.0,,,132.0,,,,,,,,,,,,,0.0,,1.0,7779.7998046875,,,,,,,,,,,,,,,,,,,,,,,,,,
4163001569,"7 Oct 2020, 10:31:21",Lunch Ride,Ride,,7283,36.82,54,false,,activities/4454136703.fit.gz,,,7283.0,6582.0,36827.5,11.800000190734863,5.595183849334717,423.8666687011719,512.0,23.299999237060547,130.39999389648438,14.300000190734863,0.0,,,,,,130.48760986328125,,89.67753601074219,852.0,,,54.0,,,,,,,,,,,,,0.0,,1.0,,,,,,,,,,,,,,,,,,,,,,,,,,,
4163756931,"7 Oct 2020, 15:21:30",Afternoon Ride,Ride,,2028,11.61,41,false,,activities/4454935456.fit.gz,,,2028.0,1915.0,11612.400390625,12.899999618530273,6.0639166831970215,66.93333435058594,207.0,21.399999618530273,69.0,6.599999904632568,-0.18686920404434204,,,,,,149.09556579589844,,80.9435043334961,392.0,,,41.0,,,,,,,,,,,,,0.0,,1.0,,,,,,,,,,,,,,,,,,,,,,,,,,,
4176780075,"10 Oct 2020, 15:02:04","Slow K, fast(er) K",Run,"",2480,7.05,,false,,activities/4176780075.gpx,,,2480.0,2256.0,7050.60009765625,6.400000095367432,3.1252660751342773,26.919994354248047,25.520000457763672,56.599998474121094,58.79999923706055,2.9000000953674316,0.019856465980410576,,,,,,,,,607.0330200195312,,,,,,,,,,,,,,0.0,,0.0,,1.0,7057.89990234375,,,,,,,,,,,,,,,,,,,,,,,,,,
4179799489,"11 Oct 2020, 09:25:59",Big ol hill,Ride,"",1677,8.46,,false,,activities/4179799489.gpx,,,1677.0,1638.0,8463.0,11.199999809265137,5.166666507720947,143.4945526123047,120.79499816894531,28.0,104.0999984741211,15.5,0.26822638511657715,,,,,,,,103.03006744384766,188.1708984375,,,,,,,,,,,,,,0.0,,0.0,,1.0,,,,,,,,,,,,,,,,,,,,,,,,,,,
4194675869,"14 Oct 2020, 15:34:04",Afternoon Run,Run,,4874,10.29,169,false,,activities/4487876254.fit.gz,,,4874.0,3527.0,10297.0,4.599999904632568,2.919478416442871,138.5749969482422,293.0,55.400001525878906,156.5,47.20000076293945,-0.0029134699143469334,,,110.0,80.14842224121094,,170.12644958496094,,,820.0,,,169.0,,,,,,,,,,,,,0.0,,1.0,10619.7998046875,,,,,,,,,,,,,,,,,,,,,,,,,,
4205323191,"17 Oct 2020, 08:00:03",Run / swamp trawl / woodlands adventure,Run,"",3852,9.09,101,false,,activities/4499171941.fit.gz,,,3852.0,3568.0,9091.400390625,5.5,2.5480380058288574,23.11809539794922,214.0,56.0,66.4000015258789,7.900000095367432,-0.006599643733352423,,,84.0,79.35718536376953,,156.83253479003906,,,733.0,,,101.0,,,,,,,,,,,0.0,,0.0,,1.0,9129.2001953125,,,,,,,,,,,,,,,,,,,,,,,,,,
4232450004,"23 Oct 2020, 11:34:25",Lunch Run,Run,,824,1.26,10,false,,activities/4527925012.fit.gz,,,824.0,406.0,1263.0999755859375,4.900000095367432,3.111083745956421,20.709047317504883,38.0,31.700000762939453,50.70000076293945,26.0,0.4354366362094879,,,85.0,79.93513488769531,,155.550537109375,,,89.0,,,10.0,,,,,,,,,,,,,0.0,,1.0,1343.699951171875,,,,,,,,,,,,,,,,,,,,,,,,,,
4232450928,"23 Oct 2020, 11:49:52",5x400m,Run,"",937,2.75,21,false,,activities/4527925971.fit.gz,,,937.0,933.0,2758.89990234375,5.300000190734863,2.9570202827453613,16.143863677978516,71.0,31.0,50.70000076293945,4.0,-0.46757766604423523,,,117.0,71.83135223388672,,151.15733337402344,,,198.0,,,21.0,,,,,,,,,,,,,0.0,,1.0,2751.10009765625,,,,,,,,,,,,,,,,,,,,,,,,,,
4232451378,"23 Oct 2020, 12:07:35",Afternoon Run,Run,,749,1.71,18,false,,activities/4527926476.fit.gz,,,749.0,539.0,1713.0,5.099999904632568,3.178107500076294,25.076190948486328,61.0,36.20000076293945,59.29999923706055,46.29999923706055,0.5604203343391418,,,112.0,80.90806579589844,,159.88888549804688,,,124.0,,,18.0,,,,,,,,,,,,,0.0,,1.0,1796.0,,,,,,,,,,,,,,,,,,,,,,,,,,
4236914313,"24 Oct 2020, 10:11:24",Lunch Run ft FTT,Run,"",2869,7.49,118,false,,activities/4532631350.fit.gz,,,2869.0,2569.0,7495.7998046875,4.199999809265137,2.9177889823913574,93.38079071044922,133.0,31.5,51.099998474121094,8.399999618530273,-0.01600896567106247,,,86.0,80.32355499267578,,167.82911682128906,,,615.0,,,118.0,,,,,,,,,,,,,0.0,,1.0,7632.2998046875,,,,,,,,,,,,,,,,,,,,,,,,,,
4245028146,"26 Oct 2020, 08:37:51",Morning Run,Run,,1538,4.68,44,false,,activities/4541253686.fit.gz,,,1538.0,1409.0,4680.0,5.599999904632568,3.321504592895508,17.286666870117188,101.0,51.400001525878906,69.19999694824219,6.900000095367432,0.3782051205635071,,,89.0,77.34248352050781,,158.03125,,,340.0,,,44.0,,,,,,,,,,,,,0.0,,1.0,4736.0,,,,,,,,,,,,,,,,,,,,,,,,,,
4261355958,"30 Oct 2020, 08:31:21",Hampstead cruise,Run,"",2028,5.37,61,false,,activities/4558519292.fit.gz,,,2028.0,1707.0,5369.2001953125,5.199999809265137,3.1454012393951416,72.12380981445312,185.0,47.20000076293945,96.19999694824219,12.300000190734863,-0.029799597337841988,,,89.0,80.94377899169922,,161.5688934326172,,,392.0,,,61.0,,,,,,,,,,,0.0,,0.0,,1.0,5524.39990234375,,,,,,,,,,,,,,,,,,,,,,,,,,
4276644096,"2 Nov 2020, 16:36:51",Afternoon Run,Run,,1577,5.01,84,false,,activities/4574787733.fit.gz,,,1577.0,1566.0,5014.89990234375,4.5,3.2023627758026123,46.25384521484375,109.0,36.79999923706055,69.5,6.0,0.0019940577913075686,,,86.0,80.00192260742188,,173.73944091796875,,,405.0,,,84.0,,,,,,,,,,,,,0.0,,1.0,5072.0,,,,,,,,,,,,,,,,,,,,,,,,,,
4281978908,"3 Nov 2020, 19:11:08",6x1200m,Run,"",2409,7.34,115,false,,activities/4580419269.fit.gz,,,2409.0,1917.0,7342.2001953125,6.300000190734863,3.8300468921661377,0.0,174.0,48.79999923706055,49.400001525878906,5.599999904632568,0.0013619896490126848,,,94.0,78.75421142578125,,180.1114044189453,,,511.0,,,115.0,,,,,,,,,,,0.0,,0.0,,1.0,7344.0,,,,,,,,,,,,,,,,,,,,,,,,,,
4288393027,"5 Nov 2020, 08:04:26",Morning Run,Run,,1798,5.11,50,false,,activities/4587212378.fit.gz,,,1798.0,1716.0,5118.0,4.199999809265137,2.9825174808502197,8.274999618530273,147.0,55.900001525878906,64.30000305175781,8.399999618530273,0.0,,,96.0,81.50355529785156,,156.17274475097656,,,387.0,,,50.0,,,,,,,,,,,,,0.0,,1.0,5130.0,,,,,,,,,,,,,,,,,,,,,,,,,,
4295665801,"6 Nov 2020, 07:28:52",Morning Run,Run,,2289,5.62,40,false,,activities/4592121428.fit.gz,,,2289.0,1967.0,5621.2001953125,3.9000000953674316,2.857753038406372,18.211427688598633,130.0,55.099998474121094,65.9000015258789,3.200000047683716,-0.04803244769573212,,,88.0,81.35844421386719,,147.65383911132812,,,409.0,,,40.0,,,,,,,,,,,,,0.0,,1.0,5634.2998046875,,,,,,,,,,,,,,,,,,,,,,,,,,
4306264652,"8 Nov 2020, 09:24:59",Morning Run,Run,,3626,9.28,109,false,,activities/4603394473.fit.gz,,,3626.0,3421.0,9279.7998046875,3.5,2.7125985622406006,6.763333320617676,204.0,54.20000076293945,61.0,3.5999999046325684,0.0,,,83.0,79.12742614746094,,159.14720153808594,,,767.0,,,109.0,,,,,,,,,,,,,0.0,,1.0,9291.099609375,,,,,,,,,,,,,,,,,,,,,,,,,,
4316183624,"10 Nov 2020, 08:47:24",5x200m,Run,"",752,1.99,27,false,,activities/4613949768.fit.gz,,,752.0,745.0,1991.300048828125,6.400000095367432,2.6728858947753906,5.0523810386657715,46.0,56.5,59.20000076293945,3.4000000953674316,-0.05524029582738876,,,93.0,69.80504608154297,,163.27099609375,,,175.0,,,27.0,,,,,,,,,,,0.0,,0.0,,1.0,1996.0,,,,,,,,,,,,,,,,,,,,,,,,,,
4316184010,"10 Nov 2020, 09:09:39","2x1k(ish, I did pause at the lights)",Run,"",732,2.01,22,false,,activities/4613950158.fit.gz,,,732.0,522.0,2014.0999755859375,5.5,3.858429193496704,3.633333444595337,40.0,55.70000076293945,63.900001525878906,2.4000000953674316,-0.18370488286018372,,,87.0,80.88062286376953,,166.50765991210938,,,125.0,,,22.0,,,,,,,,,,,0.0,,0.0,,1.0,2013.4000244140625,,,,,,,,,,,,,,,,,,,,,,,,,,
4325939299,"12 Nov 2020, 08:21:24",Morning 5K,Run,"",1446,5.01,76,false,,activities/4624337199.fit.gz,,,1446.0,1393.0,5010.5,6.400000095367432,3.5969130992889404,12.587499618530273,146.0,55.79999923706055,65.9000015258789,6.300000190734863,0.00997904408723116,,,87.0,78.97906494140625,,177.60433959960938,,,374.0,,,76.0,,,,,,,,,,,0.0,,0.0,,1.0,5019.7998046875,,,,,,,,,,,,,,,,,,,,,,,,,,
4347038791,"16 Nov 2020, 17:31:02","A horrible run: rain, I wore too many layers so I was really sweaty, and I lost half the run on strava",Run,"",1674,5.01,89,false,,activities/4646731487.fit.gz,,,1674.0,1669.0,5012.5,4.0,3.003295421600342,22.227619171142578,127.0,58.70000076293945,106.9000015258789,3.5999999046325684,-0.6882793307304382,,,84.0,78.10494232177734,,171.95925903320312,,,422.0,,,89.0,,,,,,,,,,,0.0,,0.0,,1.0,4968.39990234375,,,,,,,,,,,,,,,,,,,,,,,,,,
4354367368,"18 Nov 2020, 08:02:41",Morning adventure with Ludwig,Run,"",2612,7.06,74,false,,activities/4654311539.fit.gz,,,2612.0,2437.0,7067.39990234375,4.400000095367432,2.900041103363037,15.274602890014648,187.0,55.5,63.900001525878906,12.199999809265137,-0.011319580487906933,,,89.0,80.05659484863281,,157.34535217285156,,,549.0,,,74.0,,,,,,,,,,,0.0,,0.0,,1.0,7092.10009765625,,,,,,,,,,,,,,,,,,,,,,,,,,
4366272918,"20 Nov 2020, 19:24:37",Evening Run,Run,,7268,21.15,333,false,,activities/4666886391.fit.gz,,,7268.0,6801.0,21154.19921875,5.0,3.1104543209075928,96.10424041748047,685.0,55.70000076293945,106.69999694824219,18.299999237060547,0.0,,,88.0,78.04303741455078,,170.25184631347656,,,1593.0,,,333.0,,,,,,,,,,,,,0.0,,1.0,21290.69921875,,,,,,,,,,,,,,,,,,,,,,,,,,
4374733115,"22 Nov 2020, 11:20:55",Lunch Ride,Ride,,1474,2.98,2,false,,activities/4675793732.fit.gz,,,1474.0,904.0,2982.199951171875,5.300000190734863,3.298893690109253,0.0,36.0,54.79999923706055,57.900001525878906,8.800000190734863,-0.05029843747615814,,,,,,101.62805938720703,,18.741647720336914,84.0,,,2.0,,,,,,,,,,,,,0.0,,1.0,,,,,,,,,,,,,,,,,,,,,,,,,,,
4374920706,"22 Nov 2020, 12:52:27",Lunch Ride,Ride,,3110,8.59,6,false,,activities/4676001273.fit.gz,,,3110.0,2419.0,8589.2998046875,6.900000095367432,3.550764799118042,34.766666412353516,133.0,55.400001525878906,72.4000015258789,33.099998474121094,0.005821196362376213,,,,,,99.32322692871094,,26.778146743774414,202.0,,,6.0,,,,,,,,,,,,,0.0,,1.0,,,,,,,,,,,,,,,,,,,,,,,,,,,
4414802354,"1 Dec 2020, 08:09:56",Morning Run,Run,,1448,3.58,19,false,,activities/4718378625.fit.gz,,,1448.0,1351.0,3580.199951171875,3.9000000953674316,2.6500370502471924,6.184166431427002,125.0,55.79999923706055,59.400001525878906,4.900000095367432,0.002793140010908246,,,116.0,78.29658508300781,,142.7992401123047,,,260.0,,,19.0,,,,,,,,,,,,,0.0,,1.0,3589.300048828125,,,,,,,,,,,,,,,,,,,,,,,,,,
4432479740,"5 Dec 2020, 10:45:19",Run with the lads,Run,"",7296,21.10,436,false,,activities/4737042653.fit.gz,,,7296.0,7206.0,21103.69921875,6.0,2.928628921508789,63.57428741455078,813.0,2.5,28.200000762939453,6.400000095367432,-0.07865919172763824,,,85.0,79.38573455810547,,176.81292724609375,,,1841.0,,,436.0,,,,,,,,,,,0.0,,0.0,,1.0,21140.599609375,,,,,,,,,,,,,,,,,,,,,,,,,,
4508793964,"23 Dec 2020, 15:21:47",Afternoon Run,Run,,3576,9.71,169,false,,activities/4817519362.fit.gz,,,3576.0,3541.0,9718.2998046875,3.9000000953674316,2.744507312774658,101.8499984741211,253.0,51.5,99.80000305175781,8.600000381469727,0.0,,,85.0,77.56826782226562,,169.9933624267578,,,862.0,,,169.0,,,,,,,,,,,,,0.0,,1.0,9849.400390625,,,,,,,,,,,,,,,,,,,,,,,,,,
4516073116,"25 Dec 2020, 14:26:22",Afternoon Run,Run,,1801,4.59,59,false,,activities/4825232862.fit.gz,,,1801.0,1784.0,4597.2998046875,4.099999904632568,2.5769619941711426,51.811668395996094,172.0,36.79999923706055,69.4000015258789,8.699999809265137,0.0021751897875219584,,,85.0,78.03356170654297,,159.71957397460938,,,416.0,,,59.0,,,,,,,,,,,,,0.0,,1.0,4668.0,,,,,,,,,,,,,,,,,,,,,,,,,,
4523220825,"27 Dec 2020, 09:09:35",Morning Run,Run,,2478,6.47,92,false,,activities/4832825261.fit.gz,,,2478.0,2451.0,6473.5,4.900000095367432,2.641166925430298,70.98638916015625,214.0,33.900001525878906,69.80000305175781,10.0,0.018537113443017006,,,118.0,76.93156433105469,,162.59771728515625,,,570.0,,,92.0,,,,,,,,,,,,,0.0,,1.0,6575.2998046875,,,,,,,,,,,,,,,,,,,,,,,,,,
4528788760,"28 Dec 2020, 11:20:36",Lunch Run,Run,,2127,5.14,29,false,,activities/4838720306.fit.gz,,,2127.0,2014.0,5147.39990234375,4.099999904632568,2.555809259414673,103.75353240966797,246.0,47.79999923706055,127.19999694824219,14.5,-0.027198197320103645,,,123.0,77.84925079345703,,142.914306640625,,,396.0,,,29.0,,,,,,,,,,,,,0.0,,1.0,5407.2998046875,,,,,,,,,,,,,,,,,,,,,,,,,,
