IP Address,Login Source,Login Date & Time
212.250.23.69,Web,"31 Mar 2017, 11:51:59"
31.51.117.85,Web,"7 Dec 2014, 13:34:05"
92.238.109.67,Web,"26 Nov 2014, 18:03:19"
82.45.44.166,Web,"30 Apr 2014, 22:42:44"
92.238.109.67,Web,"22 Oct 2014, 08:23:19"
92.238.109.67,Web,"28 Nov 2014, 16:37:56"
92.238.109.67,Web,"13 Dec 2014, 14:11:02"
82.14.198.134,Mobile,"13 Mar 2020, 09:13:10"
82.14.198.134,Web,"26 Mar 2020, 18:44:37"
82.14.198.134,Web,"31 Mar 2020, 17:10:06"
82.14.198.134,Web,"9 Apr 2020, 14:54:40"
82.14.198.134,Web,"21 Apr 2020, 16:15:56"
82.14.198.134,Web,"25 Apr 2020, 08:52:49"
82.14.198.134,Web,"27 Apr 2020, 08:42:53"
82.14.198.134,Web,"3 May 2020, 11:54:05"
82.14.198.134,Web,"23 May 2020, 09:56:40"
82.14.198.134,Web,"21 Jun 2020, 08:35:29"
82.14.198.134,Web,"23 Jun 2020, 11:51:31"
82.14.198.134,Web,"30 Jun 2020, 16:43:18"
82.14.198.134,Web,"15 Jul 2020, 21:18:24"
82.14.198.134,Web,"18 Jul 2020, 09:43:55"
82.132.228.45,Web,"18 Jul 2020, 10:58:05"
82.14.198.134,Web,"19 Jul 2020, 08:56:42"
82.14.198.134,Web,"20 Jul 2020, 19:41:11"
90.253.66.147,Web,"26 Jul 2020, 22:20:44"
82.14.198.134,Web,"27 Jul 2020, 15:20:29"
82.14.198.134,Web,"28 Jul 2020, 18:24:28"
82.14.198.134,Web,"29 Jul 2020, 12:22:08"
82.14.198.134,Web,"6 Aug 2020, 23:37:26"
82.14.198.134,Web,"20 Sep 2020, 19:18:18"
86.175.248.92,Web,"21 Sep 2020, 14:29:33"
82.132.228.75,Web,"25 Sep 2020, 15:46:59"
82.132.230.24,Web,"29 Sep 2020, 10:23:13"
86.184.129.238,Web,"30 Sep 2020, 13:27:52"
90.240.27.48,Web,"11 Oct 2020, 08:40:07"
90.240.61.194,Web,"23 Oct 2020, 12:34:11"
90.240.61.194,Web,"24 Oct 2020, 14:39:01"
77.102.71.27,Web,"26 Oct 2020, 09:25:25"
82.132.234.67,Web,"4 Nov 2020, 11:07:38"
80.192.245.236,Web,"6 Nov 2020, 12:57:16"
80.192.245.236,Web,"10 Nov 2020, 15:27:33"
80.192.245.236,Web,"19 Nov 2020, 23:10:02"
82.132.228.243,Web,"8 Dec 2020, 15:39:43"
77.102.138.15,Web,"27 Dec 2020, 00:11:46"
77.102.138.15,Web,"27 Dec 2020, 08:59:17"
